T/s,I_se/nA,Spalte1,I_P/nA,Type
2.00E-01,6.88E-02,3.05E-01,0.225644319,$\mathit{I}_\mathrm{EBIC}$
2.50E-01,7.10E-02,2.94E-01,0.241156056,$\mathit{I}_\mathrm{EBIC}$
3.00E-01,7.32E-02,2.96E-01,0.247608105,$\mathit{I}_\mathrm{EBIC}$
3.50E-01,7.54E-02,2.87E-01,0.262684773,$\mathit{I}_\mathrm{EBIC}$
4.00E-01,7.76E-02,2.88E-01,0.269422336,$\mathit{I}_\mathrm{EBIC}$
4.50E-01,7.99E-02,3.03E-01,0.263274769,$\mathit{I}_\mathrm{EBIC}$
5.00E-01,8.21E-02,3.00E-01,0.273627076,$\mathit{I}_\mathrm{EBIC}$
5.50E-01,8.43E-02,3.06E-01,0.275235129,$\mathit{I}_\mathrm{EBIC}$
6.00E-01,8.65E-02,2.93E-01,0.295082064,$\mathit{I}_\mathrm{EBIC}$
6.50E-01,8.87E-02,2.99E-01,0.297216603,$\mathit{I}_\mathrm{EBIC}$
7.00E-01,9.10E-02,2.89E-01,0.31451658,$\mathit{I}_\mathrm{EBIC}$
7.50E-01,9.32E-02,2.99E-01,0.312089692,$\mathit{I}_\mathrm{EBIC}$
8.00E-01,9.54E-02,2.95E-01,0.323540821,$\mathit{I}_\mathrm{EBIC}$
8.50E-01,9.76E-02,3.05E-01,0.320622307,$\mathit{I}_\mathrm{EBIC}$
9.00E-01,9.99E-02,2.89E-01,0.345043734,$\mathit{I}_\mathrm{EBIC}$
9.50E-01,1.02E-01,2.98E-01,0.342496885,$\mathit{I}_\mathrm{EBIC}$
1.00E+00,1.04E-01,3.05E-01,0.342027779,$\mathit{I}_\mathrm{EBIC}$
1.05E+00,1.07E-01,3.03E-01,0.351202573,$\mathit{I}_\mathrm{EBIC}$
1.10E+00,1.09E-01,3.02E-01,0.359701759,$\mathit{I}_\mathrm{EBIC}$
1.15E+00,1.11E-01,2.93E-01,0.378776448,$\mathit{I}_\mathrm{EBIC}$
1.20E+00,1.13E-01,2.92E-01,0.38732059,$\mathit{I}_\mathrm{EBIC}$
1.25E+00,1.15E-01,2.90E-01,0.397808845,$\mathit{I}_\mathrm{EBIC}$
1.30E+00,1.18E-01,3.06E-01,0.383850371,$\mathit{I}_\mathrm{EBIC}$
1.35E+00,1.20E-01,3.06E-01,0.391950749,$\mathit{I}_\mathrm{EBIC}$
1.40E+00,1.22E-01,2.89E-01,0.423012109,$\mathit{I}_\mathrm{EBIC}$
1.45E+00,1.24E-01,2.95E-01,0.421176066,$\mathit{I}_\mathrm{EBIC}$
1.50E+00,1.27E-01,2.89E-01,0.437171851,$\mathit{I}_\mathrm{EBIC}$
1.55E+00,1.29E-01,2.91E-01,0.441735776,$\mathit{I}_\mathrm{EBIC}$
1.60E+00,1.31E-01,2.96E-01,0.442181813,$\mathit{I}_\mathrm{EBIC}$
1.65E+00,1.33E-01,2.90E-01,0.458930652,$\mathit{I}_\mathrm{EBIC}$
1.70E+00,1.35E-01,3.05E-01,0.443972762,$\mathit{I}_\mathrm{EBIC}$
1.75E+00,1.38E-01,2.87E-01,0.479192691,$\mathit{I}_\mathrm{EBIC}$
1.80E+00,1.40E-01,3.01E-01,0.464138133,$\mathit{I}_\mathrm{EBIC}$
1.85E+00,1.42E-01,3.02E-01,0.471157669,$\mathit{I}_\mathrm{EBIC}$
1.90E+00,1.44E-01,2.88E-01,0.500683399,$\mathit{I}_\mathrm{EBIC}$
1.95E+00,1.47E-01,2.90E-01,0.504843936,$\mathit{I}_\mathrm{EBIC}$
2.00E+00,1.49E-01,2.87E-01,0.517892793,$\mathit{I}_\mathrm{EBIC}$
2.05E+00,1.51E-01,3.04E-01,0.495897944,$\mathit{I}_\mathrm{EBIC}$
2.10E+00,1.53E-01,2.92E-01,0.524957628,$\mathit{I}_\mathrm{EBIC}$
2.15E+00,1.55E-01,2.96E-01,0.525250945,$\mathit{I}_\mathrm{EBIC}$
2.20E+00,1.58E-01,3.06E-01,0.514267265,$\mathit{I}_\mathrm{EBIC}$
2.25E+00,1.60E-01,3.00E-01,0.53342503,$\mathit{I}_\mathrm{EBIC}$
2.30E+00,1.62E-01,3.01E-01,0.538023948,$\mathit{I}_\mathrm{EBIC}$
2.35E+00,1.64E-01,3.03E-01,0.541374409,$\mathit{I}_\mathrm{EBIC}$
2.40E+00,1.66E-01,3.00E-01,0.555469491,$\mathit{I}_\mathrm{EBIC}$
2.45E+00,1.69E-01,2.98E-01,0.566558422,$\mathit{I}_\mathrm{EBIC}$
2.50E+00,1.71E-01,2.94E-01,0.581421765,$\mathit{I}_\mathrm{EBIC}$
2.55E+00,1.73E-01,2.93E-01,0.590740868,$\mathit{I}_\mathrm{EBIC}$
2.60E+00,1.75E-01,2.90E-01,0.60534781,$\mathit{I}_\mathrm{EBIC}$
2.65E+00,1.78E-01,2.99E-01,0.593298969,$\mathit{I}_\mathrm{EBIC}$
2.70E+00,1.80E-01,3.05E-01,0.589929035,$\mathit{I}_\mathrm{EBIC}$
2.75E+00,1.82E-01,3.01E-01,0.604278346,$\mathit{I}_\mathrm{EBIC}$
2.80E+00,1.84E-01,2.91E-01,0.633234522,$\mathit{I}_\mathrm{EBIC}$
2.85E+00,1.86E-01,2.91E-01,0.640345394,$\mathit{I}_\mathrm{EBIC}$
2.90E+00,1.89E-01,3.02E-01,0.624145216,$\mathit{I}_\mathrm{EBIC}$
2.95E+00,1.91E-01,3.00E-01,0.63705097,$\mathit{I}_\mathrm{EBIC}$
3.00E+00,1.93E-01,3.03E-01,0.637082471,$\mathit{I}_\mathrm{EBIC}$
3.05E+00,1.95E-01,3.07E-01,0.636764945,$\mathit{I}_\mathrm{EBIC}$
3.10E+00,1.98E-01,2.93E-01,0.675396004,$\mathit{I}_\mathrm{EBIC}$
3.15E+00,2.00E-01,3.00E-01,0.665936975,$\mathit{I}_\mathrm{EBIC}$
3.20E+00,2.02E-01,2.98E-01,0.678113409,$\mathit{I}_\mathrm{EBIC}$
3.25E+00,2.04E-01,2.96E-01,0.690618544,$\mathit{I}_\mathrm{EBIC}$
3.30E+00,2.06E-01,2.94E-01,0.70248701,$\mathit{I}_\mathrm{EBIC}$
3.35E+00,2.09E-01,2.89E-01,0.721863533,$\mathit{I}_\mathrm{EBIC}$
3.40E+00,2.10E-01,2.90E-01,0.723806804,$\mathit{I}_\mathrm{EBIC}$
3.45E+00,2.11E-01,2.96E-01,0.714491783,$\mathit{I}_\mathrm{EBIC}$
3.50E+00,2.13E-01,3.01E-01,0.707628326,$\mathit{I}_\mathrm{EBIC}$
3.55E+00,2.14E-01,2.94E-01,0.728102371,$\mathit{I}_\mathrm{EBIC}$
3.60E+00,2.16E-01,2.94E-01,0.732976718,$\mathit{I}_\mathrm{EBIC}$
3.65E+00,2.17E-01,2.90E-01,0.748494833,$\mathit{I}_\mathrm{EBIC}$
3.70E+00,2.19E-01,2.98E-01,0.734650161,$\mathit{I}_\mathrm{EBIC}$
3.75E+00,2.20E-01,2.91E-01,0.756878496,$\mathit{I}_\mathrm{EBIC}$
3.80E+00,2.21E-01,3.02E-01,0.733590615,$\mathit{I}_\mathrm{EBIC}$
3.85E+00,2.23E-01,3.06E-01,0.728491608,$\mathit{I}_\mathrm{EBIC}$
3.90E+00,2.24E-01,3.06E-01,0.734261554,$\mathit{I}_\mathrm{EBIC}$
3.95E+00,2.26E-01,2.99E-01,0.755900241,$\mathit{I}_\mathrm{EBIC}$
4.00E+00,2.27E-01,2.95E-01,0.770683626,$\mathit{I}_\mathrm{EBIC}$
4.05E+00,2.29E-01,3.03E-01,0.753448701,$\mathit{I}_\mathrm{EBIC}$
4.10E+00,2.30E-01,3.04E-01,0.757943193,$\mathit{I}_\mathrm{EBIC}$
4.15E+00,2.32E-01,2.96E-01,0.782130575,$\mathit{I}_\mathrm{EBIC}$
4.20E+00,2.33E-01,2.96E-01,0.786692316,$\mathit{I}_\mathrm{EBIC}$
4.25E+00,2.34E-01,3.01E-01,0.77779363,$\mathit{I}_\mathrm{EBIC}$
4.30E+00,2.36E-01,2.91E-01,0.809164622,$\mathit{I}_\mathrm{EBIC}$
4.35E+00,2.37E-01,2.91E-01,0.81419093,$\mathit{I}_\mathrm{EBIC}$
4.40E+00,2.39E-01,2.93E-01,0.815931597,$\mathit{I}_\mathrm{EBIC}$
4.45E+00,2.40E-01,2.94E-01,0.817930009,$\mathit{I}_\mathrm{EBIC}$
4.50E+00,2.42E-01,2.96E-01,0.815785141,$\mathit{I}_\mathrm{EBIC}$
4.55E+00,2.43E-01,2.91E-01,0.835887182,$\mathit{I}_\mathrm{EBIC}$
4.60E+00,2.44E-01,2.99E-01,0.818614518,$\mathit{I}_\mathrm{EBIC}$
4.65E+00,2.46E-01,3.04E-01,0.807812775,$\mathit{I}_\mathrm{EBIC}$
4.70E+00,2.47E-01,2.92E-01,0.848404185,$\mathit{I}_\mathrm{EBIC}$
4.75E+00,2.49E-01,2.99E-01,0.832976567,$\mathit{I}_\mathrm{EBIC}$
4.80E+00,2.50E-01,3.04E-01,0.823710679,$\mathit{I}_\mathrm{EBIC}$
4.85E+00,2.52E-01,2.88E-01,0.872632014,$\mathit{I}_\mathrm{EBIC}$
4.90E+00,2.53E-01,3.07E-01,0.825638318,$\mathit{I}_\mathrm{EBIC}$
4.95E+00,2.55E-01,3.01E-01,0.846011448,$\mathit{I}_\mathrm{EBIC}$
5.00E+00,2.56E-01,2.91E-01,0.881067956,$\mathit{I}_\mathrm{EBIC}$
5.05E+00,2.57E-01,2.92E-01,0.881163315,$\mathit{I}_\mathrm{EBIC}$
5.10E+00,2.59E-01,3.01E-01,0.859644097,$\mathit{I}_\mathrm{EBIC}$
5.15E+00,2.60E-01,3.03E-01,0.858941573,$\mathit{I}_\mathrm{EBIC}$
5.20E+00,2.62E-01,2.89E-01,0.905551223,$\mathit{I}_\mathrm{EBIC}$
5.25E+00,2.63E-01,3.07E-01,0.857936627,$\mathit{I}_\mathrm{EBIC}$
5.30E+00,2.65E-01,2.96E-01,0.895092133,$\mathit{I}_\mathrm{EBIC}$
5.35E+00,2.66E-01,2.93E-01,0.908431637,$\mathit{I}_\mathrm{EBIC}$
5.40E+00,2.68E-01,2.95E-01,0.907539174,$\mathit{I}_\mathrm{EBIC}$
5.45E+00,2.69E-01,2.96E-01,0.908831959,$\mathit{I}_\mathrm{EBIC}$
5.50E+00,2.70E-01,3.02E-01,0.894708429,$\mathit{I}_\mathrm{EBIC}$
5.55E+00,2.72E-01,3.06E-01,0.887459009,$\mathit{I}_\mathrm{EBIC}$
5.60E+00,2.73E-01,3.01E-01,0.907918395,$\mathit{I}_\mathrm{EBIC}$
5.65E+00,2.75E-01,3.00E-01,0.915351068,$\mathit{I}_\mathrm{EBIC}$
5.70E+00,2.76E-01,2.97E-01,0.929477548,$\mathit{I}_\mathrm{EBIC}$
5.75E+00,2.78E-01,3.04E-01,0.913465452,$\mathit{I}_\mathrm{EBIC}$
5.80E+00,2.79E-01,3.02E-01,0.922663698,$\mathit{I}_\mathrm{EBIC}$
5.85E+00,2.80E-01,2.87E-01,0.976555629,$\mathit{I}_\mathrm{EBIC}$
5.90E+00,2.82E-01,2.89E-01,0.974134607,$\mathit{I}_\mathrm{EBIC}$
5.95E+00,2.83E-01,2.95E-01,0.960857893,$\mathit{I}_\mathrm{EBIC}$
6.00E+00,2.85E-01,3.03E-01,0.94084843,$\mathit{I}_\mathrm{EBIC}$
6.05E+00,2.87E-01,2.90E-01,0.988599116,$\mathit{I}_\mathrm{EBIC}$
6.10E+00,2.95E-01,2.96E-01,0.997923362,$\mathit{I}_\mathrm{EBIC}$
6.15E+00,3.04E-01,3.01E-01,1.008249927,$\mathit{I}_\mathrm{EBIC}$
6.20E+00,3.12E-01,2.95E-01,1.057529875,$\mathit{I}_\mathrm{EBIC}$
6.25E+00,3.21E-01,2.94E-01,1.089127811,$\mathit{I}_\mathrm{EBIC}$
6.30E+00,3.29E-01,3.01E-01,1.093439273,$\mathit{I}_\mathrm{EBIC}$
6.35E+00,3.38E-01,2.89E-01,1.167027,$\mathit{I}_\mathrm{EBIC}$
6.40E+00,3.46E-01,2.93E-01,1.181670264,$\mathit{I}_\mathrm{EBIC}$
6.45E+00,3.55E-01,3.00E-01,1.183025338,$\mathit{I}_\mathrm{EBIC}$
6.50E+00,3.63E-01,3.05E-01,1.189119578,$\mathit{I}_\mathrm{EBIC}$
6.55E+00,3.72E-01,3.03E-01,1.226959369,$\mathit{I}_\mathrm{EBIC}$
6.60E+00,3.80E-01,3.07E-01,1.24013726,$\mathit{I}_\mathrm{EBIC}$
6.65E+00,3.89E-01,2.95E-01,1.318021789,$\mathit{I}_\mathrm{EBIC}$
6.70E+00,3.97E-01,3.03E-01,1.310338739,$\mathit{I}_\mathrm{EBIC}$
6.75E+00,4.06E-01,2.87E-01,1.411667496,$\mathit{I}_\mathrm{EBIC}$
6.80E+00,4.14E-01,2.87E-01,1.441586588,$\mathit{I}_\mathrm{EBIC}$
6.85E+00,4.23E-01,2.95E-01,1.432367969,$\mathit{I}_\mathrm{EBIC}$
6.90E+00,4.31E-01,2.95E-01,1.460609747,$\mathit{I}_\mathrm{EBIC}$
6.95E+00,4.40E-01,2.98E-01,1.477499125,$\mathit{I}_\mathrm{EBIC}$
7.00E+00,4.48E-01,3.04E-01,1.474486379,$\mathit{I}_\mathrm{EBIC}$
7.05E+00,4.57E-01,2.91E-01,1.568029842,$\mathit{I}_\mathrm{EBIC}$
7.10E+00,4.68E-01,2.89E-01,1.617325654,$\mathit{I}_\mathrm{EBIC}$
7.15E+00,4.80E-01,2.91E-01,1.646586156,$\mathit{I}_\mathrm{EBIC}$
7.20E+00,4.92E-01,2.94E-01,1.674236835,$\mathit{I}_\mathrm{EBIC}$
7.25E+00,5.03E-01,3.05E-01,1.648225207,$\mathit{I}_\mathrm{EBIC}$
7.30E+00,5.15E-01,2.93E-01,1.759924425,$\mathit{I}_\mathrm{EBIC}$
7.35E+00,5.27E-01,3.01E-01,1.749539879,$\mathit{I}_\mathrm{EBIC}$
7.40E+00,5.38E-01,2.94E-01,1.831840076,$\mathit{I}_\mathrm{EBIC}$
7.45E+00,5.50E-01,2.93E-01,1.877433511,$\mathit{I}_\mathrm{EBIC}$
7.50E+00,5.62E-01,2.88E-01,1.953589421,$\mathit{I}_\mathrm{EBIC}$
7.55E+00,5.73E-01,2.93E-01,1.959878177,$\mathit{I}_\mathrm{EBIC}$
7.60E+00,5.85E-01,2.89E-01,2.025731832,$\mathit{I}_\mathrm{EBIC}$
7.65E+00,5.97E-01,3.01E-01,1.983673888,$\mathit{I}_\mathrm{EBIC}$
7.70E+00,6.08E-01,2.88E-01,2.116129144,$\mathit{I}_\mathrm{EBIC}$
7.75E+00,6.20E-01,3.04E-01,2.038182927,$\mathit{I}_\mathrm{EBIC}$
7.80E+00,6.32E-01,2.90E-01,2.179502643,$\mathit{I}_\mathrm{EBIC}$
7.85E+00,6.44E-01,3.03E-01,2.126195888,$\mathit{I}_\mathrm{EBIC}$
7.90E+00,6.55E-01,2.99E-01,2.194346552,$\mathit{I}_\mathrm{EBIC}$
7.95E+00,6.67E-01,2.98E-01,2.241578571,$\mathit{I}_\mathrm{EBIC}$
8.00E+00,6.79E-01,3.03E-01,2.23677106,$\mathit{I}_\mathrm{EBIC}$
8.05E+00,6.90E-01,2.92E-01,2.365290021,$\mathit{I}_\mathrm{EBIC}$
8.10E+00,7.16E-01,3.00E-01,2.388910892,$\mathit{I}_\mathrm{EBIC}$
8.15E+00,7.49E-01,2.98E-01,2.5159944,$\mathit{I}_\mathrm{EBIC}$
8.20E+00,7.82E-01,2.87E-01,2.722883237,$\mathit{I}_\mathrm{EBIC}$
8.25E+00,8.15E-01,2.97E-01,2.742701371,$\mathit{I}_\mathrm{EBIC}$
8.30E+00,8.48E-01,2.92E-01,2.90594968,$\mathit{I}_\mathrm{EBIC}$
8.35E+00,8.81E-01,2.94E-01,2.994400128,$\mathit{I}_\mathrm{EBIC}$
8.40E+00,9.14E-01,2.88E-01,3.173815021,$\mathit{I}_\mathrm{EBIC}$
8.45E+00,9.47E-01,2.91E-01,3.254891247,$\mathit{I}_\mathrm{EBIC}$
8.50E+00,9.80E-01,3.04E-01,3.224085134,$\mathit{I}_\mathrm{EBIC}$
8.55E+00,1.01E+00,2.87E-01,3.525697157,$\mathit{I}_\mathrm{EBIC}$
8.60E+00,1.05E+00,3.01E-01,3.472867807,$\mathit{I}_\mathrm{EBIC}$
8.65E+00,1.08E+00,3.04E-01,3.554901101,$\mathit{I}_\mathrm{EBIC}$
8.70E+00,1.11E+00,2.96E-01,3.752825904,$\mathit{I}_\mathrm{EBIC}$
8.75E+00,1.15E+00,3.01E-01,3.801434432,$\mathit{I}_\mathrm{EBIC}$
8.80E+00,1.18E+00,3.03E-01,3.890402425,$\mathit{I}_\mathrm{EBIC}$
8.85E+00,1.21E+00,3.07E-01,3.953363519,$\mathit{I}_\mathrm{EBIC}$
8.90E+00,1.25E+00,2.90E-01,4.291416521,$\mathit{I}_\mathrm{EBIC}$
8.95E+00,1.28E+00,3.05E-01,4.190329253,$\mathit{I}_\mathrm{EBIC}$
9.00E+00,1.31E+00,2.99E-01,4.389158492,$\mathit{I}_\mathrm{EBIC}$
9.05E+00,1.34E+00,2.90E-01,4.635078144,$\mathit{I}_\mathrm{EBIC}$
9.10E+00,1.37E+00,3.04E-01,4.500120235,$\mathit{I}_\mathrm{EBIC}$
9.15E+00,1.37E+00,2.93E-01,4.687872277,$\mathit{I}_\mathrm{EBIC}$
9.20E+00,1.38E+00,2.88E-01,4.776514925,$\mathit{I}_\mathrm{EBIC}$
9.25E+00,1.38E+00,2.98E-01,4.648663582,$\mathit{I}_\mathrm{EBIC}$
9.30E+00,1.39E+00,2.95E-01,4.714572809,$\mathit{I}_\mathrm{EBIC}$
9.35E+00,1.39E+00,2.94E-01,4.744654706,$\mathit{I}_\mathrm{EBIC}$
9.40E+00,1.40E+00,2.90E-01,4.832427368,$\mathit{I}_\mathrm{EBIC}$
9.45E+00,1.40E+00,2.87E-01,4.894551144,$\mathit{I}_\mathrm{EBIC}$
9.50E+00,1.41E+00,2.90E-01,4.858535701,$\mathit{I}_\mathrm{EBIC}$
9.55E+00,1.42E+00,2.96E-01,4.780159198,$\mathit{I}_\mathrm{EBIC}$
9.60E+00,1.42E+00,3.04E-01,4.679625617,$\mathit{I}_\mathrm{EBIC}$
9.65E+00,1.43E+00,2.92E-01,4.882076108,$\mathit{I}_\mathrm{EBIC}$
9.70E+00,1.43E+00,2.95E-01,4.860658111,$\mathit{I}_\mathrm{EBIC}$
9.75E+00,1.44E+00,2.95E-01,4.863385151,$\mathit{I}_\mathrm{EBIC}$
9.80E+00,1.44E+00,2.92E-01,4.941383416,$\mathit{I}_\mathrm{EBIC}$
9.85E+00,1.45E+00,3.06E-01,4.736448634,$\mathit{I}_\mathrm{EBIC}$
9.90E+00,1.45E+00,3.04E-01,4.772317894,$\mathit{I}_\mathrm{EBIC}$
9.95E+00,1.46E+00,2.96E-01,4.934650496,$\mathit{I}_\mathrm{EBIC}$
1.00E+01,1.46E+00,3.03E-01,4.827468513,$\mathit{I}_\mathrm{EBIC}$
1.00E+01,1.47E+00,3.00E-01,4.892980624,$\mathit{I}_\mathrm{EBIC}$
1.01E+01,1.47E+00,2.87E-01,5.13551131,$\mathit{I}_\mathrm{EBIC}$
1.01E+01,1.48E+00,2.99E-01,4.956211844,$\mathit{I}_\mathrm{EBIC}$
1.02E+01,1.49E+00,2.99E-01,4.960254997,$\mathit{I}_\mathrm{EBIC}$
1.02E+01,1.50E+00,2.96E-01,5.075079813,$\mathit{I}_\mathrm{EBIC}$
1.03E+01,1.53E+00,2.98E-01,5.146731654,$\mathit{I}_\mathrm{EBIC}$
1.03E+01,1.57E+00,2.95E-01,5.313828498,$\mathit{I}_\mathrm{EBIC}$
1.04E+01,1.60E+00,2.95E-01,5.4285955,$\mathit{I}_\mathrm{EBIC}$
1.04E+01,1.64E+00,2.97E-01,5.518881184,$\mathit{I}_\mathrm{EBIC}$
1.05E+01,1.69E+00,2.97E-01,5.66792087,$\mathit{I}_\mathrm{EBIC}$
1.05E+01,1.73E+00,2.90E-01,5.974847762,$\mathit{I}_\mathrm{EBIC}$
1.06E+01,1.78E+00,3.04E-01,5.843269257,$\mathit{I}_\mathrm{EBIC}$
1.06E+01,1.82E+00,3.04E-01,5.992060606,$\mathit{I}_\mathrm{EBIC}$
1.07E+01,1.87E+00,3.05E-01,6.127964556,$\mathit{I}_\mathrm{EBIC}$
1.07E+01,1.92E+00,2.88E-01,6.659681491,$\mathit{I}_\mathrm{EBIC}$
1.08E+01,1.96E+00,2.97E-01,6.615274732,$\mathit{I}_\mathrm{EBIC}$
1.08E+01,2.02E+00,2.91E-01,6.928907651,$\mathit{I}_\mathrm{EBIC}$
1.09E+01,2.08E+00,2.89E-01,7.215512005,$\mathit{I}_\mathrm{EBIC}$
1.09E+01,2.15E+00,3.05E-01,7.036744524,$\mathit{I}_\mathrm{EBIC}$
1.10E+01,2.21E+00,2.93E-01,7.556875292,$\mathit{I}_\mathrm{EBIC}$
1.10E+01,2.29E+00,2.98E-01,7.6671111,$\mathit{I}_\mathrm{EBIC}$
1.11E+01,2.38E+00,2.94E-01,8.097322646,$\mathit{I}_\mathrm{EBIC}$
1.11E+01,2.48E+00,2.99E-01,8.283711614,$\mathit{I}_\mathrm{EBIC}$
1.12E+01,2.57E+00,3.03E-01,8.4857723,$\mathit{I}_\mathrm{EBIC}$
1.12E+01,2.65E+00,2.96E-01,8.958400246,$\mathit{I}_\mathrm{EBIC}$
1.13E+01,2.69E+00,2.93E-01,9.18084419,$\mathit{I}_\mathrm{EBIC}$
1.13E+01,2.73E+00,2.89E-01,9.46641354,$\mathit{I}_\mathrm{EBIC}$
1.14E+01,2.78E+00,2.91E-01,9.532449458,$\mathit{I}_\mathrm{EBIC}$
1.14E+01,2.82E+00,2.89E-01,9.774693112,$\mathit{I}_\mathrm{EBIC}$
1.15E+01,2.88E+00,2.87E-01,10.03932096,$\mathit{I}_\mathrm{EBIC}$
1.15E+01,2.94E+00,2.90E-01,10.12758455,$\mathit{I}_\mathrm{EBIC}$
1.16E+01,3.00E+00,3.06E-01,9.807877976,$\mathit{I}_\mathrm{EBIC}$
1.16E+01,3.06E+00,3.01E-01,10.17789968,$\mathit{I}_\mathrm{EBIC}$
1.17E+01,3.14E+00,2.91E-01,10.78558599,$\mathit{I}_\mathrm{EBIC}$
1.17E+01,3.21E+00,2.87E-01,11.17166876,$\mathit{I}_\mathrm{EBIC}$
1.18E+01,3.29E+00,3.07E-01,10.71965315,$\mathit{I}_\mathrm{EBIC}$
1.18E+01,3.37E+00,2.88E-01,11.6842747,$\mathit{I}_\mathrm{EBIC}$
1.19E+01,3.47E+00,3.00E-01,11.57256681,$\mathit{I}_\mathrm{EBIC}$
1.19E+01,3.57E+00,3.00E-01,11.9138396,$\mathit{I}_\mathrm{EBIC}$
1.20E+01,3.67E+00,3.01E-01,12.20049578,$\mathit{I}_\mathrm{EBIC}$
1.20E+01,3.77E+00,3.01E-01,12.53624943,$\mathit{I}_\mathrm{EBIC}$
1.21E+01,3.88E+00,3.00E-01,12.91037641,$\mathit{I}_\mathrm{EBIC}$
1.21E+01,3.98E+00,2.87E-01,13.85506125,$\mathit{I}_\mathrm{EBIC}$
1.22E+01,4.08E+00,2.89E-01,14.0965608,$\mathit{I}_\mathrm{EBIC}$
1.22E+01,4.20E+00,2.88E-01,14.59485565,$\mathit{I}_\mathrm{EBIC}$
1.23E+01,4.38E+00,2.97E-01,14.7786915,$\mathit{I}_\mathrm{EBIC}$
1.23E+01,4.57E+00,2.96E-01,15.44507806,$\mathit{I}_\mathrm{EBIC}$
1.24E+01,4.75E+00,2.92E-01,16.28127718,$\mathit{I}_\mathrm{EBIC}$
1.24E+01,4.98E+00,2.92E-01,17.08505349,$\mathit{I}_\mathrm{EBIC}$
1.25E+01,5.33E+00,2.89E-01,18.47304673,$\mathit{I}_\mathrm{EBIC}$
1.25E+01,5.68E+00,2.94E-01,19.34790856,$\mathit{I}_\mathrm{EBIC}$
1.26E+01,6.03E+00,3.00E-01,20.11931931,$\mathit{I}_\mathrm{EBIC}$
1.26E+01,6.38E+00,2.92E-01,21.84748988,$\mathit{I}_\mathrm{EBIC}$
1.27E+01,6.71E+00,3.02E-01,22.20044971,$\mathit{I}_\mathrm{EBIC}$
1.27E+01,7.04E+00,2.97E-01,23.70385168,$\mathit{I}_\mathrm{EBIC}$
1.28E+01,7.38E+00,2.93E-01,25.16826449,$\mathit{I}_\mathrm{EBIC}$
1.28E+01,7.71E+00,3.00E-01,25.74145863,$\mathit{I}_\mathrm{EBIC}$
1.29E+01,8.06E+00,3.05E-01,26.39840931,$\mathit{I}_\mathrm{EBIC}$
1.29E+01,8.40E+00,2.99E-01,28.14478512,$\mathit{I}_\mathrm{EBIC}$
1.30E+01,8.75E+00,3.04E-01,28.74166007,$\mathit{I}_\mathrm{EBIC}$
1.30E+01,9.20E+00,2.93E-01,31.43420295,$\mathit{I}_\mathrm{EBIC}$
1.31E+01,9.89E+00,2.89E-01,34.16539978,$\mathit{I}_\mathrm{EBIC}$
1.31E+01,1.06E+01,3.03E-01,34.91321956,$\mathit{I}_\mathrm{EBIC}$
1.32E+01,1.13E+01,3.00E-01,37.54807408,$\mathit{I}_\mathrm{EBIC}$
1.32E+01,1.17E+01,3.00E-01,39.17995666,$\mathit{I}_\mathrm{EBIC}$
1.33E+01,1.18E+01,2.98E-01,39.59611984,$\mathit{I}_\mathrm{EBIC}$
1.33E+01,1.19E+01,2.98E-01,39.88138132,$\mathit{I}_\mathrm{EBIC}$
1.34E+01,1.19E+01,2.99E-01,39.97644179,$\mathit{I}_\mathrm{EBIC}$
1.34E+01,1.20E+01,2.99E-01,40.16210533,$\mathit{I}_\mathrm{EBIC}$
1.35E+01,1.21E+01,2.99E-01,40.37142327,$\mathit{I}_\mathrm{EBIC}$
1.35E+01,1.21E+01,2.89E-01,41.82851291,$\mathit{I}_\mathrm{EBIC}$
1.36E+01,1.21E+01,2.92E-01,41.43327064,$\mathit{I}_\mathrm{EBIC}$
1.36E+01,1.23E+01,2.90E-01,42.35023892,$\mathit{I}_\mathrm{EBIC}$
1.37E+01,1.26E+01,3.03E-01,41.52418733,$\mathit{I}_\mathrm{EBIC}$
1.37E+01,1.28E+01,3.05E-01,41.96259295,$\mathit{I}_\mathrm{EBIC}$
1.38E+01,1.29E+01,3.02E-01,42.86381494,$\mathit{I}_\mathrm{EBIC}$
1.38E+01,1.31E+01,2.96E-01,44.14689625,$\mathit{I}_\mathrm{EBIC}$
1.39E+01,1.31E+01,3.01E-01,43.42082591,$\mathit{I}_\mathrm{EBIC}$
1.39E+01,1.31E+01,3.06E-01,42.81248284,$\mathit{I}_\mathrm{EBIC}$
1.40E+01,1.32E+01,3.02E-01,43.62897283,$\mathit{I}_\mathrm{EBIC}$
1.40E+01,1.33E+01,3.02E-01,44.03389291,$\mathit{I}_\mathrm{EBIC}$
1.41E+01,1.34E+01,3.00E-01,44.75748017,$\mathit{I}_\mathrm{EBIC}$
1.41E+01,1.35E+01,2.96E-01,45.69200663,$\mathit{I}_\mathrm{EBIC}$
1.42E+01,1.36E+01,2.97E-01,45.91707205,$\mathit{I}_\mathrm{EBIC}$
1.42E+01,1.37E+01,2.99E-01,45.79267798,$\mathit{I}_\mathrm{EBIC}$
1.43E+01,1.37E+01,2.98E-01,46.01879127,$\mathit{I}_\mathrm{EBIC}$
1.43E+01,1.37E+01,2.94E-01,46.65596501,$\mathit{I}_\mathrm{EBIC}$
1.44E+01,1.38E+01,2.88E-01,47.7202077,$\mathit{I}_\mathrm{EBIC}$
1.44E+01,1.38E+01,2.98E-01,46.31984021,$\mathit{I}_\mathrm{EBIC}$
1.45E+01,1.38E+01,2.88E-01,47.98054561,$\mathit{I}_\mathrm{EBIC}$
1.45E+01,1.38E+01,2.96E-01,46.59228376,$\mathit{I}_\mathrm{EBIC}$
1.46E+01,1.38E+01,3.02E-01,45.61620557,$\mathit{I}_\mathrm{EBIC}$
1.46E+01,1.38E+01,2.96E-01,46.57928556,$\mathit{I}_\mathrm{EBIC}$
1.47E+01,1.38E+01,3.04E-01,45.33276474,$\mathit{I}_\mathrm{EBIC}$
1.47E+01,1.39E+01,2.95E-01,46.9011237,$\mathit{I}_\mathrm{EBIC}$
1.48E+01,1.39E+01,3.02E-01,46.03960329,$\mathit{I}_\mathrm{EBIC}$
1.48E+01,1.40E+01,2.89E-01,48.34893798,$\mathit{I}_\mathrm{EBIC}$
1.49E+01,1.40E+01,3.00E-01,46.67221374,$\mathit{I}_\mathrm{EBIC}$
1.49E+01,1.41E+01,2.94E-01,47.90596959,$\mathit{I}_\mathrm{EBIC}$
1.50E+01,1.41E+01,3.00E-01,47.12667914,$\mathit{I}_\mathrm{EBIC}$
1.50E+01,1.42E+01,3.04E-01,46.76181962,$\mathit{I}_\mathrm{EBIC}$
1.51E+01,1.42E+01,3.02E-01,46.982492,$\mathit{I}_\mathrm{EBIC}$
1.51E+01,1.42E+01,3.04E-01,46.79470594,$\mathit{I}_\mathrm{EBIC}$
1.52E+01,1.42E+01,2.91E-01,48.82738326,$\mathit{I}_\mathrm{EBIC}$
1.52E+01,1.42E+01,2.91E-01,49.01999873,$\mathit{I}_\mathrm{EBIC}$
1.53E+01,1.43E+01,3.01E-01,47.49596112,$\mathit{I}_\mathrm{EBIC}$
1.53E+01,1.44E+01,3.04E-01,47.37471134,$\mathit{I}_\mathrm{EBIC}$
1.54E+01,1.45E+01,3.04E-01,47.7147303,$\mathit{I}_\mathrm{EBIC}$
1.54E+01,1.46E+01,3.04E-01,47.94645072,$\mathit{I}_\mathrm{EBIC}$
1.55E+01,1.46E+01,3.03E-01,48.18583398,$\mathit{I}_\mathrm{EBIC}$
1.55E+01,1.46E+01,2.90E-01,50.45865189,$\mathit{I}_\mathrm{EBIC}$
1.56E+01,1.47E+01,3.04E-01,48.42898882,$\mathit{I}_\mathrm{EBIC}$
1.56E+01,1.48E+01,2.99E-01,49.37871095,$\mathit{I}_\mathrm{EBIC}$
1.57E+01,1.48E+01,2.97E-01,49.89116479,$\mathit{I}_\mathrm{EBIC}$
1.57E+01,1.48E+01,2.89E-01,51.23249429,$\mathit{I}_\mathrm{EBIC}$
1.58E+01,1.48E+01,3.02E-01,49.01665534,$\mathit{I}_\mathrm{EBIC}$
1.58E+01,1.48E+01,2.97E-01,49.84722177,$\mathit{I}_\mathrm{EBIC}$
1.59E+01,1.48E+01,3.04E-01,48.69462261,$\mathit{I}_\mathrm{EBIC}$
1.59E+01,1.48E+01,2.88E-01,51.41318722,$\mathit{I}_\mathrm{EBIC}$
1.60E+01,1.48E+01,2.88E-01,51.33477073,$\mathit{I}_\mathrm{EBIC}$
1.60E+01,1.48E+01,3.01E-01,49.29529717,$\mathit{I}_\mathrm{EBIC}$
1.61E+01,1.48E+01,2.95E-01,50.25666169,$\mathit{I}_\mathrm{EBIC}$
1.61E+01,1.48E+01,2.98E-01,49.71973886,$\mathit{I}_\mathrm{EBIC}$
1.62E+01,1.48E+01,3.04E-01,48.81617099,$\mathit{I}_\mathrm{EBIC}$
1.62E+01,1.49E+01,2.96E-01,50.21973603,$\mathit{I}_\mathrm{EBIC}$
1.63E+01,1.49E+01,2.87E-01,51.73322821,$\mathit{I}_\mathrm{EBIC}$
1.63E+01,1.48E+01,2.92E-01,50.85286429,$\mathit{I}_\mathrm{EBIC}$
1.64E+01,1.48E+01,3.02E-01,49.03680771,$\mathit{I}_\mathrm{EBIC}$
1.64E+01,1.48E+01,2.97E-01,49.91506665,$\mathit{I}_\mathrm{EBIC}$
1.65E+01,1.48E+01,3.04E-01,48.81132083,$\mathit{I}_\mathrm{EBIC}$
1.65E+01,1.48E+01,2.90E-01,51.04477533,$\mathit{I}_\mathrm{EBIC}$
1.66E+01,1.48E+01,2.89E-01,51.16223892,$\mathit{I}_\mathrm{EBIC}$
1.66E+01,1.47E+01,2.90E-01,50.880647,$\mathit{I}_\mathrm{EBIC}$
1.67E+01,1.46E+01,2.91E-01,50.28016272,$\mathit{I}_\mathrm{EBIC}$
1.67E+01,1.46E+01,3.01E-01,48.42999789,$\mathit{I}_\mathrm{EBIC}$
1.68E+01,1.46E+01,2.91E-01,50.0971395,$\mathit{I}_\mathrm{EBIC}$
1.68E+01,1.46E+01,2.92E-01,49.92060756,$\mathit{I}_\mathrm{EBIC}$
1.69E+01,1.46E+01,2.92E-01,49.78972624,$\mathit{I}_\mathrm{EBIC}$
1.69E+01,1.46E+01,3.07E-01,47.50131402,$\mathit{I}_\mathrm{EBIC}$
1.70E+01,1.46E+01,2.92E-01,49.96895023,$\mathit{I}_\mathrm{EBIC}$
1.70E+01,1.46E+01,2.98E-01,48.82861807,$\mathit{I}_\mathrm{EBIC}$
1.71E+01,1.46E+01,3.02E-01,48.17592889,$\mathit{I}_\mathrm{EBIC}$
1.71E+01,1.45E+01,3.06E-01,47.47138891,$\mathit{I}_\mathrm{EBIC}$
1.72E+01,1.45E+01,3.04E-01,47.79341331,$\mathit{I}_\mathrm{EBIC}$
1.72E+01,1.45E+01,2.95E-01,49.12855915,$\mathit{I}_\mathrm{EBIC}$
1.73E+01,1.45E+01,3.03E-01,47.95891329,$\mathit{I}_\mathrm{EBIC}$
1.73E+01,1.45E+01,3.02E-01,48.06000538,$\mathit{I}_\mathrm{EBIC}$
1.74E+01,1.44E+01,2.88E-01,49.96748803,$\mathit{I}_\mathrm{EBIC}$
1.74E+01,1.43E+01,3.03E-01,47.18182782,$\mathit{I}_\mathrm{EBIC}$
1.75E+01,1.42E+01,3.01E-01,47.22426751,$\mathit{I}_\mathrm{EBIC}$
1.75E+01,1.41E+01,3.02E-01,46.67195261,$\mathit{I}_\mathrm{EBIC}$
1.76E+01,1.40E+01,2.89E-01,48.43177688,$\mathit{I}_\mathrm{EBIC}$
1.76E+01,1.39E+01,2.96E-01,46.90360606,$\mathit{I}_\mathrm{EBIC}$
1.77E+01,1.38E+01,2.87E-01,48.1568055,$\mathit{I}_\mathrm{EBIC}$
1.77E+01,1.37E+01,3.00E-01,45.80166618,$\mathit{I}_\mathrm{EBIC}$
1.78E+01,1.36E+01,3.03E-01,44.86447818,$\mathit{I}_\mathrm{EBIC}$
1.78E+01,1.34E+01,3.07E-01,43.76290962,$\mathit{I}_\mathrm{EBIC}$
1.79E+01,1.32E+01,3.03E-01,43.45182149,$\mathit{I}_\mathrm{EBIC}$
1.79E+01,1.29E+01,2.89E-01,44.59212155,$\mathit{I}_\mathrm{EBIC}$
1.80E+01,1.24E+01,3.06E-01,40.61416551,$\mathit{I}_\mathrm{EBIC}$
1.80E+01,1.20E+01,3.04E-01,39.39878492,$\mathit{I}_\mathrm{EBIC}$
1.81E+01,1.14E+01,2.96E-01,38.67090845,$\mathit{I}_\mathrm{EBIC}$
1.81E+01,1.09E+01,3.02E-01,36.1316435,$\mathit{I}_\mathrm{EBIC}$
1.82E+01,1.02E+01,2.92E-01,34.9821043,$\mathit{I}_\mathrm{EBIC}$
1.82E+01,9.37E+00,2.94E-01,31.91619282,$\mathit{I}_\mathrm{EBIC}$
1.83E+01,8.55E+00,3.02E-01,28.28162781,$\mathit{I}_\mathrm{EBIC}$
1.83E+01,8.27E+00,2.98E-01,27.69688353,$\mathit{I}_\mathrm{EBIC}$
1.84E+01,7.99E+00,2.97E-01,26.84339372,$\mathit{I}_\mathrm{EBIC}$
1.84E+01,7.70E+00,2.96E-01,26.01521193,$\mathit{I}_\mathrm{EBIC}$
1.85E+01,7.42E+00,3.02E-01,24.57822222,$\mathit{I}_\mathrm{EBIC}$
1.85E+01,7.14E+00,3.04E-01,23.48611152,$\mathit{I}_\mathrm{EBIC}$
1.86E+01,6.91E+00,3.06E-01,22.56142658,$\mathit{I}_\mathrm{EBIC}$
1.86E+01,6.68E+00,2.89E-01,23.07055481,$\mathit{I}_\mathrm{EBIC}$
1.87E+01,6.45E+00,3.00E-01,21.49764489,$\mathit{I}_\mathrm{EBIC}$
1.87E+01,6.22E+00,3.04E-01,20.46994304,$\mathit{I}_\mathrm{EBIC}$
1.88E+01,6.00E+00,3.05E-01,19.69828624,$\mathit{I}_\mathrm{EBIC}$
1.88E+01,5.79E+00,2.92E-01,19.85522462,$\mathit{I}_\mathrm{EBIC}$
1.89E+01,5.57E+00,3.05E-01,18.26014479,$\mathit{I}_\mathrm{EBIC}$
1.89E+01,5.36E+00,3.06E-01,17.51735199,$\mathit{I}_\mathrm{EBIC}$
1.90E+01,5.17E+00,3.04E-01,17.0309054,$\mathit{I}_\mathrm{EBIC}$
1.90E+01,4.99E+00,3.03E-01,16.50063793,$\mathit{I}_\mathrm{EBIC}$
1.91E+01,4.82E+00,2.89E-01,16.66744728,$\mathit{I}_\mathrm{EBIC}$
1.91E+01,4.64E+00,2.89E-01,16.04072046,$\mathit{I}_\mathrm{EBIC}$
1.92E+01,4.48E+00,2.96E-01,15.13144401,$\mathit{I}_\mathrm{EBIC}$
1.92E+01,4.33E+00,3.04E-01,14.24211279,$\mathit{I}_\mathrm{EBIC}$
1.93E+01,4.17E+00,2.94E-01,14.17849224,$\mathit{I}_\mathrm{EBIC}$
1.93E+01,4.02E+00,2.88E-01,13.93393525,$\mathit{I}_\mathrm{EBIC}$
1.94E+01,3.86E+00,2.88E-01,13.39700105,$\mathit{I}_\mathrm{EBIC}$
1.94E+01,3.71E+00,3.02E-01,12.29680258,$\mathit{I}_\mathrm{EBIC}$
1.95E+01,3.56E+00,2.91E-01,12.22357765,$\mathit{I}_\mathrm{EBIC}$
1.95E+01,3.40E+00,2.94E-01,11.55057081,$\mathit{I}_\mathrm{EBIC}$
1.96E+01,3.30E+00,3.07E-01,10.74136908,$\mathit{I}_\mathrm{EBIC}$
1.96E+01,3.20E+00,2.99E-01,10.7207726,$\mathit{I}_\mathrm{EBIC}$
1.97E+01,3.11E+00,2.92E-01,10.6369948,$\mathit{I}_\mathrm{EBIC}$
1.97E+01,3.01E+00,2.94E-01,10.23190913,$\mathit{I}_\mathrm{EBIC}$
1.98E+01,2.91E+00,2.97E-01,9.825155867,$\mathit{I}_\mathrm{EBIC}$
1.98E+01,2.82E+00,3.01E-01,9.37219166,$\mathit{I}_\mathrm{EBIC}$
1.99E+01,2.72E+00,2.88E-01,9.445820962,$\mathit{I}_\mathrm{EBIC}$
1.99E+01,2.63E+00,3.06E-01,8.586175172,$\mathit{I}_\mathrm{EBIC}$
2.00E+01,2.53E+00,3.06E-01,8.25080298,$\mathit{I}_\mathrm{EBIC}$
2.00E+01,2.43E+00,2.99E-01,8.112606096,$\mathit{I}_\mathrm{EBIC}$
2.01E+01,2.33E+00,2.95E-01,7.893746037,$\mathit{I}_\mathrm{EBIC}$
2.01E+01,2.23E+00,3.07E-01,7.266667075,$\mathit{I}_\mathrm{EBIC}$
2.02E+01,2.15E+00,2.88E-01,7.476256767,$\mathit{I}_\mathrm{EBIC}$
2.02E+01,2.08E+00,3.01E-01,6.919331284,$\mathit{I}_\mathrm{EBIC}$
2.03E+01,2.01E+00,3.06E-01,6.572596561,$\mathit{I}_\mathrm{EBIC}$
2.03E+01,1.94E+00,3.03E-01,6.405717072,$\mathit{I}_\mathrm{EBIC}$
2.04E+01,1.88E+00,2.98E-01,6.303001698,$\mathit{I}_\mathrm{EBIC}$
2.04E+01,1.81E+00,3.02E-01,5.998054901,$\mathit{I}_\mathrm{EBIC}$
2.05E+01,1.75E+00,3.00E-01,5.836039976,$\mathit{I}_\mathrm{EBIC}$
2.05E+01,1.69E+00,3.05E-01,5.539211708,$\mathit{I}_\mathrm{EBIC}$
2.06E+01,1.63E+00,2.88E-01,5.675133267,$\mathit{I}_\mathrm{EBIC}$
2.06E+01,1.58E+00,2.91E-01,5.417298914,$\mathit{I}_\mathrm{EBIC}$
2.07E+01,1.52E+00,3.00E-01,5.06605159,$\mathit{I}_\mathrm{EBIC}$
2.07E+01,1.47E+00,2.97E-01,4.940325006,$\mathit{I}_\mathrm{EBIC}$
2.08E+01,1.42E+00,2.87E-01,4.929908081,$\mathit{I}_\mathrm{EBIC}$
2.08E+01,1.37E+00,2.89E-01,4.730131939,$\mathit{I}_\mathrm{EBIC}$
2.09E+01,1.32E+00,3.06E-01,4.298704005,$\mathit{I}_\mathrm{EBIC}$
2.09E+01,1.27E+00,2.87E-01,4.411563368,$\mathit{I}_\mathrm{EBIC}$
2.10E+01,1.22E+00,3.04E-01,4.014888462,$\mathit{I}_\mathrm{EBIC}$
2.10E+01,1.17E+00,2.98E-01,3.94346238,$\mathit{I}_\mathrm{EBIC}$
2.11E+01,1.13E+00,2.98E-01,3.783713035,$\mathit{I}_\mathrm{EBIC}$
2.11E+01,1.08E+00,2.94E-01,3.67972292,$\mathit{I}_\mathrm{EBIC}$
2.12E+01,9.58E-01,3.01E-01,3.183658809,$\mathit{I}_\mathrm{EBIC}$
2.12E+01,8.19E-01,2.90E-01,2.823145591,$\mathit{I}_\mathrm{EBIC}$
2.13E+01,6.81E-01,3.03E-01,2.252008831,$\mathit{I}_\mathrm{EBIC}$
2.13E+01,5.43E-01,2.89E-01,1.877182723,$\mathit{I}_\mathrm{EBIC}$
2.14E+01,5.15E-01,2.98E-01,1.730137966,$\mathit{I}_\mathrm{EBIC}$
2.14E+01,5.08E-01,3.04E-01,1.66881414,$\mathit{I}_\mathrm{EBIC}$
2.15E+01,5.01E-01,3.01E-01,1.663702557,$\mathit{I}_\mathrm{EBIC}$
2.15E+01,4.93E-01,2.96E-01,1.666612593,$\mathit{I}_\mathrm{EBIC}$
2.16E+01,4.86E-01,2.96E-01,1.639486196,$\mathit{I}_\mathrm{EBIC}$
2.16E+01,4.79E-01,2.95E-01,1.625377145,$\mathit{I}_\mathrm{EBIC}$
2.17E+01,4.71E-01,2.93E-01,1.608446125,$\mathit{I}_\mathrm{EBIC}$
2.17E+01,4.64E-01,3.01E-01,1.541221835,$\mathit{I}_\mathrm{EBIC}$
2.18E+01,4.57E-01,2.92E-01,1.562801419,$\mathit{I}_\mathrm{EBIC}$
2.18E+01,4.50E-01,2.96E-01,1.517608561,$\mathit{I}_\mathrm{EBIC}$
2.19E+01,4.42E-01,3.06E-01,1.444822878,$\mathit{I}_\mathrm{EBIC}$
2.19E+01,4.35E-01,2.87E-01,1.516632181,$\mathit{I}_\mathrm{EBIC}$
2.20E+01,4.28E-01,2.88E-01,1.487824929,$\mathit{I}_\mathrm{EBIC}$
2.20E+01,4.21E-01,2.93E-01,1.43560435,$\mathit{I}_\mathrm{EBIC}$
2.21E+01,4.13E-01,2.90E-01,1.426390236,$\mathit{I}_\mathrm{EBIC}$
2.21E+01,4.06E-01,2.90E-01,1.401282642,$\mathit{I}_\mathrm{EBIC}$
2.22E+01,3.99E-01,3.07E-01,1.300489528,$\mathit{I}_\mathrm{EBIC}$
2.22E+01,3.92E-01,2.94E-01,1.331189685,$\mathit{I}_\mathrm{EBIC}$
2.23E+01,3.84E-01,3.06E-01,1.255157609,$\mathit{I}_\mathrm{EBIC}$
2.23E+01,3.77E-01,3.06E-01,1.231407101,$\mathit{I}_\mathrm{EBIC}$
2.24E+01,3.70E-01,3.00E-01,1.233739645,$\mathit{I}_\mathrm{EBIC}$
2.24E+01,3.63E-01,3.04E-01,1.194164884,$\mathit{I}_\mathrm{EBIC}$
2.25E+01,3.55E-01,2.95E-01,1.206093307,$\mathit{I}_\mathrm{EBIC}$
2.25E+01,3.48E-01,2.98E-01,1.167827599,$\mathit{I}_\mathrm{EBIC}$
2.26E+01,3.41E-01,3.02E-01,1.128157741,$\mathit{I}_\mathrm{EBIC}$
2.26E+01,3.34E-01,2.96E-01,1.126012725,$\mathit{I}_\mathrm{EBIC}$
2.27E+01,3.26E-01,2.89E-01,1.130988871,$\mathit{I}_\mathrm{EBIC}$
2.27E+01,3.19E-01,2.94E-01,1.085649812,$\mathit{I}_\mathrm{EBIC}$
2.28E+01,3.12E-01,2.89E-01,1.080378489,$\mathit{I}_\mathrm{EBIC}$
2.28E+01,3.05E-01,3.04E-01,1.0014659,$\mathit{I}_\mathrm{EBIC}$
2.29E+01,2.97E-01,3.04E-01,0.979638579,$\mathit{I}_\mathrm{EBIC}$
2.29E+01,2.90E-01,2.96E-01,0.980680455,$\mathit{I}_\mathrm{EBIC}$
2.0000E-01,0.225644,,,$\mathit{I}_\mathrm{PE}$
2.5000E-01,0.241156,,,$\mathit{I}_\mathrm{PE}$
3.0000E-01,0.247608,,,$\mathit{I}_\mathrm{PE}$
3.5000E-01,0.262685,,,$\mathit{I}_\mathrm{PE}$
4.0000E-01,0.269422,,,$\mathit{I}_\mathrm{PE}$
4.5000E-01,0.263275,,,$\mathit{I}_\mathrm{PE}$
5.0000E-01,0.273627,,,$\mathit{I}_\mathrm{PE}$
5.5000E-01,0.275235,,,$\mathit{I}_\mathrm{PE}$
6.0000E-01,0.295082,,,$\mathit{I}_\mathrm{PE}$
6.5000E-01,0.297217,,,$\mathit{I}_\mathrm{PE}$
7.0000E-01,0.314517,,,$\mathit{I}_\mathrm{PE}$
7.5000E-01,0.312090,,,$\mathit{I}_\mathrm{PE}$
8.0000E-01,0.323541,,,$\mathit{I}_\mathrm{PE}$
8.5000E-01,0.320622,,,$\mathit{I}_\mathrm{PE}$
9.0000E-01,0.345044,,,$\mathit{I}_\mathrm{PE}$
9.5000E-01,0.342497,,,$\mathit{I}_\mathrm{PE}$
1.0000E+00,0.342028,,,$\mathit{I}_\mathrm{PE}$
1.0500E+00,0.351203,,,$\mathit{I}_\mathrm{PE}$
1.1000E+00,0.359702,,,$\mathit{I}_\mathrm{PE}$
1.1500E+00,0.378776,,,$\mathit{I}_\mathrm{PE}$
1.2000E+00,0.387321,,,$\mathit{I}_\mathrm{PE}$
1.2500E+00,0.397809,,,$\mathit{I}_\mathrm{PE}$
1.3000E+00,0.383850,,,$\mathit{I}_\mathrm{PE}$
1.3500E+00,0.391951,,,$\mathit{I}_\mathrm{PE}$
1.4000E+00,0.423012,,,$\mathit{I}_\mathrm{PE}$
1.4500E+00,0.421176,,,$\mathit{I}_\mathrm{PE}$
1.5000E+00,0.437172,,,$\mathit{I}_\mathrm{PE}$
1.5500E+00,0.441736,,,$\mathit{I}_\mathrm{PE}$
1.6000E+00,0.442182,,,$\mathit{I}_\mathrm{PE}$
1.6500E+00,0.458931,,,$\mathit{I}_\mathrm{PE}$
1.7000E+00,0.443973,,,$\mathit{I}_\mathrm{PE}$
1.7500E+00,0.479193,,,$\mathit{I}_\mathrm{PE}$
1.8000E+00,0.464138,,,$\mathit{I}_\mathrm{PE}$
1.8500E+00,0.471158,,,$\mathit{I}_\mathrm{PE}$
1.9000E+00,0.500683,,,$\mathit{I}_\mathrm{PE}$
1.9500E+00,0.504844,,,$\mathit{I}_\mathrm{PE}$
2.0000E+00,0.517893,,,$\mathit{I}_\mathrm{PE}$
2.0500E+00,0.495898,,,$\mathit{I}_\mathrm{PE}$
2.1000E+00,0.524958,,,$\mathit{I}_\mathrm{PE}$
2.1500E+00,0.525251,,,$\mathit{I}_\mathrm{PE}$
2.2000E+00,0.514267,,,$\mathit{I}_\mathrm{PE}$
2.2500E+00,0.533425,,,$\mathit{I}_\mathrm{PE}$
2.3000E+00,0.538024,,,$\mathit{I}_\mathrm{PE}$
2.3500E+00,0.541374,,,$\mathit{I}_\mathrm{PE}$
2.4000E+00,0.555469,,,$\mathit{I}_\mathrm{PE}$
2.4500E+00,0.566558,,,$\mathit{I}_\mathrm{PE}$
2.5000E+00,0.581422,,,$\mathit{I}_\mathrm{PE}$
2.5500E+00,0.590741,,,$\mathit{I}_\mathrm{PE}$
2.6000E+00,0.605348,,,$\mathit{I}_\mathrm{PE}$
2.6500E+00,0.593299,,,$\mathit{I}_\mathrm{PE}$
2.7000E+00,0.589929,,,$\mathit{I}_\mathrm{PE}$
2.7500E+00,0.604278,,,$\mathit{I}_\mathrm{PE}$
2.8000E+00,0.633235,,,$\mathit{I}_\mathrm{PE}$
2.8500E+00,0.640345,,,$\mathit{I}_\mathrm{PE}$
2.9000E+00,0.624145,,,$\mathit{I}_\mathrm{PE}$
2.9500E+00,0.637051,,,$\mathit{I}_\mathrm{PE}$
3.0000E+00,0.637082,,,$\mathit{I}_\mathrm{PE}$
3.0500E+00,0.636765,,,$\mathit{I}_\mathrm{PE}$
3.1000E+00,0.675396,,,$\mathit{I}_\mathrm{PE}$
3.1500E+00,0.665937,,,$\mathit{I}_\mathrm{PE}$
3.2000E+00,0.678113,,,$\mathit{I}_\mathrm{PE}$
3.2500E+00,0.690619,,,$\mathit{I}_\mathrm{PE}$
3.3000E+00,0.702487,,,$\mathit{I}_\mathrm{PE}$
3.3500E+00,0.721864,,,$\mathit{I}_\mathrm{PE}$
3.4000E+00,0.723807,,,$\mathit{I}_\mathrm{PE}$
3.4500E+00,0.714492,,,$\mathit{I}_\mathrm{PE}$
3.5000E+00,0.707628,,,$\mathit{I}_\mathrm{PE}$
3.5500E+00,0.728102,,,$\mathit{I}_\mathrm{PE}$
3.6000E+00,0.732977,,,$\mathit{I}_\mathrm{PE}$
3.6500E+00,0.748495,,,$\mathit{I}_\mathrm{PE}$
3.7000E+00,0.734650,,,$\mathit{I}_\mathrm{PE}$
3.7500E+00,0.756878,,,$\mathit{I}_\mathrm{PE}$
3.8000E+00,0.733591,,,$\mathit{I}_\mathrm{PE}$
3.8500E+00,0.728492,,,$\mathit{I}_\mathrm{PE}$
3.9000E+00,0.734262,,,$\mathit{I}_\mathrm{PE}$
3.9500E+00,0.755900,,,$\mathit{I}_\mathrm{PE}$
4.0000E+00,0.770684,,,$\mathit{I}_\mathrm{PE}$
4.0500E+00,0.753449,,,$\mathit{I}_\mathrm{PE}$
4.1000E+00,0.757943,,,$\mathit{I}_\mathrm{PE}$
4.1500E+00,0.782131,,,$\mathit{I}_\mathrm{PE}$
4.2000E+00,0.786692,,,$\mathit{I}_\mathrm{PE}$
4.2500E+00,0.777794,,,$\mathit{I}_\mathrm{PE}$
4.3000E+00,0.809165,,,$\mathit{I}_\mathrm{PE}$
4.3500E+00,0.814191,,,$\mathit{I}_\mathrm{PE}$
4.4000E+00,0.815932,,,$\mathit{I}_\mathrm{PE}$
4.4500E+00,0.817930,,,$\mathit{I}_\mathrm{PE}$
4.5000E+00,0.815785,,,$\mathit{I}_\mathrm{PE}$
4.5500E+00,0.835887,,,$\mathit{I}_\mathrm{PE}$
4.6000E+00,0.818615,,,$\mathit{I}_\mathrm{PE}$
4.6500E+00,0.807813,,,$\mathit{I}_\mathrm{PE}$
4.7000E+00,0.848404,,,$\mathit{I}_\mathrm{PE}$
4.7500E+00,0.832977,,,$\mathit{I}_\mathrm{PE}$
4.8000E+00,0.823711,,,$\mathit{I}_\mathrm{PE}$
4.8500E+00,0.872632,,,$\mathit{I}_\mathrm{PE}$
4.9000E+00,0.825638,,,$\mathit{I}_\mathrm{PE}$
4.9500E+00,0.846011,,,$\mathit{I}_\mathrm{PE}$
5.0000E+00,0.881068,,,$\mathit{I}_\mathrm{PE}$
5.0500E+00,0.881163,,,$\mathit{I}_\mathrm{PE}$
5.1000E+00,0.859644,,,$\mathit{I}_\mathrm{PE}$
5.1500E+00,0.858942,,,$\mathit{I}_\mathrm{PE}$
5.2000E+00,0.905551,,,$\mathit{I}_\mathrm{PE}$
5.2500E+00,0.857937,,,$\mathit{I}_\mathrm{PE}$
5.3000E+00,0.895092,,,$\mathit{I}_\mathrm{PE}$
5.3500E+00,0.908432,,,$\mathit{I}_\mathrm{PE}$
5.4000E+00,0.907539,,,$\mathit{I}_\mathrm{PE}$
5.4500E+00,0.908832,,,$\mathit{I}_\mathrm{PE}$
5.5000E+00,0.894708,,,$\mathit{I}_\mathrm{PE}$
5.5500E+00,0.887459,,,$\mathit{I}_\mathrm{PE}$
5.6000E+00,0.907918,,,$\mathit{I}_\mathrm{PE}$
5.6500E+00,0.915351,,,$\mathit{I}_\mathrm{PE}$
5.7000E+00,0.929478,,,$\mathit{I}_\mathrm{PE}$
5.7500E+00,0.913465,,,$\mathit{I}_\mathrm{PE}$
5.8000E+00,0.922664,,,$\mathit{I}_\mathrm{PE}$
5.8500E+00,0.976556,,,$\mathit{I}_\mathrm{PE}$
5.9000E+00,0.974135,,,$\mathit{I}_\mathrm{PE}$
5.9500E+00,0.960858,,,$\mathit{I}_\mathrm{PE}$
6.0000E+00,0.940848,,,$\mathit{I}_\mathrm{PE}$
6.0500E+00,0.988599,,,$\mathit{I}_\mathrm{PE}$
6.1000E+00,0.997923,,,$\mathit{I}_\mathrm{PE}$
6.1500E+00,1.008250,,,$\mathit{I}_\mathrm{PE}$
6.2000E+00,1.057530,,,$\mathit{I}_\mathrm{PE}$
6.2500E+00,1.089128,,,$\mathit{I}_\mathrm{PE}$
6.3000E+00,1.093439,,,$\mathit{I}_\mathrm{PE}$
6.3500E+00,1.167027,,,$\mathit{I}_\mathrm{PE}$
6.4000E+00,1.181670,,,$\mathit{I}_\mathrm{PE}$
6.4500E+00,1.183025,,,$\mathit{I}_\mathrm{PE}$
6.5000E+00,1.189120,,,$\mathit{I}_\mathrm{PE}$
6.5500E+00,1.226959,,,$\mathit{I}_\mathrm{PE}$
6.6000E+00,1.240137,,,$\mathit{I}_\mathrm{PE}$
6.6500E+00,1.318022,,,$\mathit{I}_\mathrm{PE}$
6.7000E+00,1.310339,,,$\mathit{I}_\mathrm{PE}$
6.7500E+00,1.411667,,,$\mathit{I}_\mathrm{PE}$
6.8000E+00,1.441587,,,$\mathit{I}_\mathrm{PE}$
6.8500E+00,1.432368,,,$\mathit{I}_\mathrm{PE}$
6.9000E+00,1.460610,,,$\mathit{I}_\mathrm{PE}$
6.9500E+00,1.477499,,,$\mathit{I}_\mathrm{PE}$
7.0000E+00,1.474486,,,$\mathit{I}_\mathrm{PE}$
7.0500E+00,1.568030,,,$\mathit{I}_\mathrm{PE}$
7.1000E+00,1.617326,,,$\mathit{I}_\mathrm{PE}$
7.1500E+00,1.646586,,,$\mathit{I}_\mathrm{PE}$
7.2000E+00,1.674237,,,$\mathit{I}_\mathrm{PE}$
7.2500E+00,1.648225,,,$\mathit{I}_\mathrm{PE}$
7.3000E+00,1.759924,,,$\mathit{I}_\mathrm{PE}$
7.3500E+00,1.749540,,,$\mathit{I}_\mathrm{PE}$
7.4000E+00,1.831840,,,$\mathit{I}_\mathrm{PE}$
7.4500E+00,1.877434,,,$\mathit{I}_\mathrm{PE}$
7.5000E+00,1.953589,,,$\mathit{I}_\mathrm{PE}$
7.5500E+00,1.959878,,,$\mathit{I}_\mathrm{PE}$
7.6000E+00,2.025732,,,$\mathit{I}_\mathrm{PE}$
7.6500E+00,1.983674,,,$\mathit{I}_\mathrm{PE}$
7.7000E+00,2.116129,,,$\mathit{I}_\mathrm{PE}$
7.7500E+00,2.038183,,,$\mathit{I}_\mathrm{PE}$
7.8000E+00,2.179503,,,$\mathit{I}_\mathrm{PE}$
7.8500E+00,2.126196,,,$\mathit{I}_\mathrm{PE}$
7.9000E+00,2.194347,,,$\mathit{I}_\mathrm{PE}$
7.9500E+00,2.241579,,,$\mathit{I}_\mathrm{PE}$
8.0000E+00,2.236771,,,$\mathit{I}_\mathrm{PE}$
8.0500E+00,2.365290,,,$\mathit{I}_\mathrm{PE}$
8.1000E+00,2.388911,,,$\mathit{I}_\mathrm{PE}$
8.1500E+00,2.515994,,,$\mathit{I}_\mathrm{PE}$
8.2000E+00,2.722883,,,$\mathit{I}_\mathrm{PE}$
8.2500E+00,2.742701,,,$\mathit{I}_\mathrm{PE}$
8.3000E+00,2.905950,,,$\mathit{I}_\mathrm{PE}$
8.3500E+00,2.994400,,,$\mathit{I}_\mathrm{PE}$
8.4000E+00,3.173815,,,$\mathit{I}_\mathrm{PE}$
8.4500E+00,3.254891,,,$\mathit{I}_\mathrm{PE}$
8.5000E+00,3.224085,,,$\mathit{I}_\mathrm{PE}$
8.5500E+00,3.525697,,,$\mathit{I}_\mathrm{PE}$
8.6000E+00,3.472868,,,$\mathit{I}_\mathrm{PE}$
8.6500E+00,3.554901,,,$\mathit{I}_\mathrm{PE}$
8.7000E+00,3.752826,,,$\mathit{I}_\mathrm{PE}$
8.7500E+00,3.801434,,,$\mathit{I}_\mathrm{PE}$
8.8000E+00,3.890402,,,$\mathit{I}_\mathrm{PE}$
8.8500E+00,3.953364,,,$\mathit{I}_\mathrm{PE}$
8.9000E+00,4.291417,,,$\mathit{I}_\mathrm{PE}$
8.9500E+00,4.190329,,,$\mathit{I}_\mathrm{PE}$
9.0000E+00,4.389158,,,$\mathit{I}_\mathrm{PE}$
9.0500E+00,4.635078,,,$\mathit{I}_\mathrm{PE}$
9.1000E+00,4.500120,,,$\mathit{I}_\mathrm{PE}$
9.1500E+00,4.687872,,,$\mathit{I}_\mathrm{PE}$
9.2000E+00,4.776515,,,$\mathit{I}_\mathrm{PE}$
9.2500E+00,4.648664,,,$\mathit{I}_\mathrm{PE}$
9.3000E+00,4.714573,,,$\mathit{I}_\mathrm{PE}$
9.3500E+00,4.744655,,,$\mathit{I}_\mathrm{PE}$
9.4000E+00,4.832427,,,$\mathit{I}_\mathrm{PE}$
9.4500E+00,4.894551,,,$\mathit{I}_\mathrm{PE}$
9.5000E+00,4.858536,,,$\mathit{I}_\mathrm{PE}$
9.5500E+00,4.780159,,,$\mathit{I}_\mathrm{PE}$
9.6000E+00,4.679626,,,$\mathit{I}_\mathrm{PE}$
9.6500E+00,4.882076,,,$\mathit{I}_\mathrm{PE}$
9.7000E+00,4.860658,,,$\mathit{I}_\mathrm{PE}$
9.7500E+00,4.863385,,,$\mathit{I}_\mathrm{PE}$
9.8000E+00,4.941383,,,$\mathit{I}_\mathrm{PE}$
9.8500E+00,4.736449,,,$\mathit{I}_\mathrm{PE}$
9.9000E+00,4.772318,,,$\mathit{I}_\mathrm{PE}$
9.9500E+00,4.934650,,,$\mathit{I}_\mathrm{PE}$
1.0000E+01,4.892981,,,$\mathit{I}_\mathrm{PE}$
1.0100E+01,5.135511,,,$\mathit{I}_\mathrm{PE}$
1.0200E+01,4.960255,,,$\mathit{I}_\mathrm{PE}$
1.0300E+01,5.146732,,,$\mathit{I}_\mathrm{PE}$
1.0400E+01,5.428596,,,$\mathit{I}_\mathrm{PE}$
1.0500E+01,5.667921,,,$\mathit{I}_\mathrm{PE}$
1.0600E+01,5.843269,,,$\mathit{I}_\mathrm{PE}$
1.0700E+01,6.127965,,,$\mathit{I}_\mathrm{PE}$
1.0800E+01,6.615275,,,$\mathit{I}_\mathrm{PE}$
1.0900E+01,7.215512,,,$\mathit{I}_\mathrm{PE}$
1.1000E+01,7.556875,,,$\mathit{I}_\mathrm{PE}$
1.1100E+01,8.097323,,,$\mathit{I}_\mathrm{PE}$
1.1200E+01,8.485772,,,$\mathit{I}_\mathrm{PE}$
1.1300E+01,9.180844,,,$\mathit{I}_\mathrm{PE}$
1.1400E+01,9.532449,,,$\mathit{I}_\mathrm{PE}$
1.1500E+01,10.039321,,,$\mathit{I}_\mathrm{PE}$
1.1600E+01,9.807878,,,$\mathit{I}_\mathrm{PE}$
1.1700E+01,10.785586,,,$\mathit{I}_\mathrm{PE}$
1.1800E+01,10.719653,,,$\mathit{I}_\mathrm{PE}$
1.1900E+01,11.572567,,,$\mathit{I}_\mathrm{PE}$
1.2000E+01,12.200496,,,$\mathit{I}_\mathrm{PE}$
1.2100E+01,12.910376,,,$\mathit{I}_\mathrm{PE}$
1.2200E+01,14.096561,,,$\mathit{I}_\mathrm{PE}$
1.2300E+01,14.778692,,,$\mathit{I}_\mathrm{PE}$
1.2400E+01,16.281277,,,$\mathit{I}_\mathrm{PE}$
1.2500E+01,18.473047,,,$\mathit{I}_\mathrm{PE}$
1.2600E+01,20.119319,,,$\mathit{I}_\mathrm{PE}$
1.2700E+01,22.200450,,,$\mathit{I}_\mathrm{PE}$
1.2800E+01,25.168264,,,$\mathit{I}_\mathrm{PE}$
1.2900E+01,26.398409,,,$\mathit{I}_\mathrm{PE}$
1.3000E+01,28.741660,,,$\mathit{I}_\mathrm{PE}$
1.3100E+01,34.165400,,,$\mathit{I}_\mathrm{PE}$
1.3200E+01,37.548074,,,$\mathit{I}_\mathrm{PE}$
1.3300E+01,39.596120,,,$\mathit{I}_\mathrm{PE}$
1.3400E+01,39.976442,,,$\mathit{I}_\mathrm{PE}$
1.3500E+01,40.371423,,,$\mathit{I}_\mathrm{PE}$
1.3600E+01,41.433271,,,$\mathit{I}_\mathrm{PE}$
1.3700E+01,41.524187,,,$\mathit{I}_\mathrm{PE}$
1.3800E+01,42.863815,,,$\mathit{I}_\mathrm{PE}$
1.3900E+01,43.420826,,,$\mathit{I}_\mathrm{PE}$
1.4000E+01,43.628973,,,$\mathit{I}_\mathrm{PE}$
1.4100E+01,44.757480,,,$\mathit{I}_\mathrm{PE}$
1.4200E+01,45.917072,,,$\mathit{I}_\mathrm{PE}$
1.4300E+01,46.018791,,,$\mathit{I}_\mathrm{PE}$
1.4400E+01,47.720208,,,$\mathit{I}_\mathrm{PE}$
1.4500E+01,47.980546,,,$\mathit{I}_\mathrm{PE}$
1.4600E+01,45.616206,,,$\mathit{I}_\mathrm{PE}$
1.4700E+01,45.332765,,,$\mathit{I}_\mathrm{PE}$
1.4800E+01,46.039603,,,$\mathit{I}_\mathrm{PE}$
1.4900E+01,46.672214,,,$\mathit{I}_\mathrm{PE}$
1.5000E+01,47.126679,,,$\mathit{I}_\mathrm{PE}$
1.5100E+01,46.982492,,,$\mathit{I}_\mathrm{PE}$
1.5200E+01,48.827383,,,$\mathit{I}_\mathrm{PE}$
1.5300E+01,47.495961,,,$\mathit{I}_\mathrm{PE}$
1.5400E+01,47.714730,,,$\mathit{I}_\mathrm{PE}$
1.5500E+01,48.185834,,,$\mathit{I}_\mathrm{PE}$
1.5600E+01,48.428989,,,$\mathit{I}_\mathrm{PE}$
1.5700E+01,49.891165,,,$\mathit{I}_\mathrm{PE}$
1.5800E+01,49.016655,,,$\mathit{I}_\mathrm{PE}$
1.5900E+01,48.694623,,,$\mathit{I}_\mathrm{PE}$
1.6000E+01,51.334771,,,$\mathit{I}_\mathrm{PE}$
1.6100E+01,50.256662,,,$\mathit{I}_\mathrm{PE}$
1.6200E+01,48.816171,,,$\mathit{I}_\mathrm{PE}$
1.6300E+01,51.733228,,,$\mathit{I}_\mathrm{PE}$
1.6400E+01,49.036808,,,$\mathit{I}_\mathrm{PE}$
1.6500E+01,48.811321,,,$\mathit{I}_\mathrm{PE}$
1.6600E+01,51.162239,,,$\mathit{I}_\mathrm{PE}$
1.6700E+01,50.280163,,,$\mathit{I}_\mathrm{PE}$
1.6800E+01,50.097140,,,$\mathit{I}_\mathrm{PE}$
1.6900E+01,49.789726,,,$\mathit{I}_\mathrm{PE}$
1.7000E+01,49.968950,,,$\mathit{I}_\mathrm{PE}$
1.7100E+01,48.175929,,,$\mathit{I}_\mathrm{PE}$
1.7200E+01,47.793413,,,$\mathit{I}_\mathrm{PE}$
1.7300E+01,47.958913,,,$\mathit{I}_\mathrm{PE}$
1.7400E+01,49.967488,,,$\mathit{I}_\mathrm{PE}$
1.7500E+01,47.224268,,,$\mathit{I}_\mathrm{PE}$
1.7600E+01,48.431777,,,$\mathit{I}_\mathrm{PE}$
1.7700E+01,48.156806,,,$\mathit{I}_\mathrm{PE}$
1.7800E+01,44.864478,,,$\mathit{I}_\mathrm{PE}$
1.7900E+01,43.451821,,,$\mathit{I}_\mathrm{PE}$
1.8000E+01,40.614166,,,$\mathit{I}_\mathrm{PE}$
1.8100E+01,38.670908,,,$\mathit{I}_\mathrm{PE}$
1.8200E+01,34.982104,,,$\mathit{I}_\mathrm{PE}$
1.8300E+01,28.281628,,,$\mathit{I}_\mathrm{PE}$
1.8400E+01,26.843394,,,$\mathit{I}_\mathrm{PE}$
1.8500E+01,24.578222,,,$\mathit{I}_\mathrm{PE}$
1.8600E+01,22.561427,,,$\mathit{I}_\mathrm{PE}$
1.8700E+01,21.497645,,,$\mathit{I}_\mathrm{PE}$
1.8800E+01,19.698286,,,$\mathit{I}_\mathrm{PE}$
1.8900E+01,18.260145,,,$\mathit{I}_\mathrm{PE}$
1.9000E+01,17.030905,,,$\mathit{I}_\mathrm{PE}$
1.9100E+01,16.667447,,,$\mathit{I}_\mathrm{PE}$
1.9200E+01,15.131444,,,$\mathit{I}_\mathrm{PE}$
1.9300E+01,14.178492,,,$\mathit{I}_\mathrm{PE}$
1.9400E+01,13.397001,,,$\mathit{I}_\mathrm{PE}$
1.9500E+01,12.223578,,,$\mathit{I}_\mathrm{PE}$
1.9600E+01,10.741369,,,$\mathit{I}_\mathrm{PE}$
1.9700E+01,10.636995,,,$\mathit{I}_\mathrm{PE}$
1.9800E+01,9.825156,,,$\mathit{I}_\mathrm{PE}$
1.9900E+01,9.445821,,,$\mathit{I}_\mathrm{PE}$
2.0000E+01,8.250803,,,$\mathit{I}_\mathrm{PE}$
2.0100E+01,7.893746,,,$\mathit{I}_\mathrm{PE}$
2.0200E+01,7.476257,,,$\mathit{I}_\mathrm{PE}$
2.0300E+01,6.572597,,,$\mathit{I}_\mathrm{PE}$
2.0300E+01,6.405717,,,$\mathit{I}_\mathrm{PE}$
2.0400E+01,6.303002,,,$\mathit{I}_\mathrm{PE}$
2.0400E+01,5.998055,,,$\mathit{I}_\mathrm{PE}$
2.0500E+01,5.836040,,,$\mathit{I}_\mathrm{PE}$
2.0500E+01,5.539212,,,$\mathit{I}_\mathrm{PE}$
2.0600E+01,5.675133,,,$\mathit{I}_\mathrm{PE}$
2.0600E+01,5.417299,,,$\mathit{I}_\mathrm{PE}$
2.0700E+01,5.066052,,,$\mathit{I}_\mathrm{PE}$
2.0700E+01,4.940325,,,$\mathit{I}_\mathrm{PE}$
2.0800E+01,4.929908,,,$\mathit{I}_\mathrm{PE}$
2.0800E+01,4.730132,,,$\mathit{I}_\mathrm{PE}$
2.0900E+01,4.298704,,,$\mathit{I}_\mathrm{PE}$
2.0900E+01,4.411563,,,$\mathit{I}_\mathrm{PE}$
2.1000E+01,4.014888,,,$\mathit{I}_\mathrm{PE}$
2.1000E+01,3.943462,,,$\mathit{I}_\mathrm{PE}$
2.1100E+01,3.783713,,,$\mathit{I}_\mathrm{PE}$
2.1100E+01,3.679723,,,$\mathit{I}_\mathrm{PE}$
2.1200E+01,3.183659,,,$\mathit{I}_\mathrm{PE}$
2.1200E+01,2.823146,,,$\mathit{I}_\mathrm{PE}$
2.1300E+01,2.252009,,,$\mathit{I}_\mathrm{PE}$
2.1300E+01,1.877183,,,$\mathit{I}_\mathrm{PE}$
2.1400E+01,1.730138,,,$\mathit{I}_\mathrm{PE}$
2.1400E+01,1.668814,,,$\mathit{I}_\mathrm{PE}$
2.1500E+01,1.663703,,,$\mathit{I}_\mathrm{PE}$
2.1500E+01,1.666613,,,$\mathit{I}_\mathrm{PE}$
2.1600E+01,1.639486,,,$\mathit{I}_\mathrm{PE}$
2.1600E+01,1.625377,,,$\mathit{I}_\mathrm{PE}$
2.1700E+01,1.608446,,,$\mathit{I}_\mathrm{PE}$
2.1700E+01,1.541222,,,$\mathit{I}_\mathrm{PE}$
2.1800E+01,1.562801,,,$\mathit{I}_\mathrm{PE}$
2.1800E+01,1.517609,,,$\mathit{I}_\mathrm{PE}$
2.1900E+01,1.444823,,,$\mathit{I}_\mathrm{PE}$
2.1900E+01,1.516632,,,$\mathit{I}_\mathrm{PE}$
2.2000E+01,1.487825,,,$\mathit{I}_\mathrm{PE}$
2.2000E+01,1.435604,,,$\mathit{I}_\mathrm{PE}$
2.2100E+01,1.426390,,,$\mathit{I}_\mathrm{PE}$
2.2100E+01,1.401283,,,$\mathit{I}_\mathrm{PE}$
2.2200E+01,1.300490,,,$\mathit{I}_\mathrm{PE}$
2.2200E+01,1.331190,,,$\mathit{I}_\mathrm{PE}$
2.2300E+01,1.255158,,,$\mathit{I}_\mathrm{PE}$
2.2300E+01,1.231407,,,$\mathit{I}_\mathrm{PE}$
2.2400E+01,1.233740,,,$\mathit{I}_\mathrm{PE}$
2.2400E+01,1.194165,,,$\mathit{I}_\mathrm{PE}$
2.2500E+01,1.206093,,,$\mathit{I}_\mathrm{PE}$
2.2500E+01,1.167828,,,$\mathit{I}_\mathrm{PE}$
2.2600E+01,1.128158,,,$\mathit{I}_\mathrm{PE}$
2.2600E+01,1.126013,,,$\mathit{I}_\mathrm{PE}$
2.2700E+01,1.130989,,,$\mathit{I}_\mathrm{PE}$
2.2700E+01,1.085650,,,$\mathit{I}_\mathrm{PE}$
2.2800E+01,1.080378,,,$\mathit{I}_\mathrm{PE}$
2.2800E+01,1.001466,,,$\mathit{I}_\mathrm{PE}$
2.2900E+01,0.979639,,,$\mathit{I}_\mathrm{PE}$
2.2900E+01,0.980680,,,$\mathit{I}_\mathrm{PE}$
