T/s,I_EBIC/A,I_prim/A,I_P/nA,I_se/nA
0.216666667,7.70379E-12,1.96579E-11,0.0196579,0.007703791
0.233333333,8.17005E-12,2.07386E-11,0.0207386,0.008170047
0.25,8.6363E-12,2.20297E-11,0.0220297,0.008636303
0.266666667,9.10256E-12,2.39398E-11,0.0239398,0.009102559
0.283333333,9.56882E-12,2.40351E-11,0.0240351,0.009568816
0.3,1.00351E-11,2.56744E-11,0.0256744,0.010035072
0.316666667,1.05013E-11,2.72293E-11,0.0272293,0.010501328
0.333333333,1.09676E-11,2.78745E-11,0.0278745,0.010967584
0.35,1.14338E-11,2.87155E-11,0.0287155,0.01143384
0.366666667,1.19001E-11,3.09135E-11,0.0309135,0.011900097
0.383333333,1.23664E-11,3.20231E-11,0.0320231,0.012366353
0.4,1.28326E-11,3.31873E-11,0.0331873,0.012832609
0.416666667,1.32989E-11,3.41839E-11,0.0341839,0.013298865
0.433333333,1.37651E-11,3.44418E-11,0.0344418,0.013765122
0.45,1.42314E-11,3.70004E-11,0.0370004,0.014231378
0.466666667,1.46976E-11,3.68112E-11,0.0368112,0.014697634
0.483333333,1.51639E-11,3.8851E-11,0.038851,0.01516389
0.5,1.56301E-11,3.96018E-11,0.0396018,0.015630146
0.516666667,1.60964E-11,4.02641E-11,0.0402641,0.016096403
0.533333333,1.65627E-11,4.31883E-11,0.0431883,0.016562659
0.55,1.70289E-11,4.28736E-11,0.0428736,0.017028915
0.566666667,1.74952E-11,4.42726E-11,0.0442726,0.017495171
0.583333333,1.79614E-11,4.54471E-11,0.0454471,0.017961428
0.6,1.84277E-11,4.80462E-11,0.0480462,0.018427684
0.616666667,1.88939E-11,4.86128E-11,0.0486128,0.01889394
0.633333333,1.93602E-11,5.05344E-11,0.0505344,0.019360196
0.65,1.98265E-11,5.1507E-11,0.051507,0.019826452
0.666666667,2.02927E-11,5.21392E-11,0.0521392,0.020292709
0.683333333,2.0759E-11,5.23592E-11,0.0523592,0.020758965
0.7,2.12252E-11,5.49156E-11,0.0549156,0.021225221
0.716666667,2.16915E-11,5.58052E-11,0.0558052,0.021691477
0.733333333,2.21577E-11,5.79536E-11,0.0579536,0.022157734
0.75,2.2624E-11,5.85781E-11,0.0585781,0.02262399
0.766666667,2.30902E-11,5.77745E-11,0.0577745,0.023090246
0.783333333,2.35565E-11,6.08742E-11,0.0608742,0.023556502
0.8,2.40228E-11,6.06281E-11,0.0606281,0.024022759
0.816666667,2.4489E-11,6.34358E-11,0.0634358,0.024489015
0.833333333,2.49553E-11,6.24248E-11,0.0624248,0.024955271
0.85,2.54215E-11,6.53612E-11,0.0653612,0.025421527
0.866666667,2.58878E-11,6.78304E-11,0.0678304,0.025887783
0.883333333,2.6354E-11,6.78679E-11,0.0678679,0.02635404
0.9,2.68203E-11,7.02117E-11,0.0702117,0.026820296
0.916666667,2.72866E-11,7.12121E-11,0.0712121,0.027286552
0.933333333,2.77528E-11,6.99059E-11,0.0699059,0.027752808
0.95,2.82191E-11,7.33284E-11,0.0733284,0.028219065
0.966666667,2.86853E-11,7.44726E-11,0.0744726,0.028685321
0.983333333,2.91516E-11,7.54613E-11,0.0754613,0.029151577
1,2.96178E-11,7.6971E-11,0.076971,0.029617833
1.016666667,3.00841E-11,7.69856E-11,0.0769856,0.030084089
1.033333333,3.05503E-11,8.03844E-11,0.0803844,0.030550346
1.05,3.10166E-11,7.94397E-11,0.0794397,0.031016602
1.066666667,3.14829E-11,8.19618E-11,0.0819618,0.031482858
1.083333333,3.19491E-11,8.24594E-11,0.0824594,0.031949114
1.1,3.24154E-11,8.21161E-11,0.0821161,0.032415371
1.116666667,3.28816E-11,8.43301E-11,0.0843301,0.032881627
1.133333333,3.33479E-11,8.67031E-11,0.0867031,0.033347883
1.15,3.38141E-11,8.85917E-11,0.0885917,0.033814139
1.166666667,3.42804E-11,8.85236E-11,0.0885236,0.034280396
1.183333333,3.47467E-11,8.89717E-11,0.0889717,0.034746652
1.2,3.52129E-11,9.13484E-11,0.0913484,0.035212908
1.216666667,3.56792E-11,9.09602E-11,0.0909602,0.035679164
1.233333333,3.61454E-11,9.06859E-11,0.0906859,0.03614542
1.25,3.66117E-11,9.32445E-11,0.0932445,0.036611677
1.266666667,3.70779E-11,9.68988E-11,0.0968988,0.037077933
1.283333333,3.75442E-11,9.54187E-11,0.0954187,0.037544189
1.3,3.80104E-11,9.77081E-11,0.0977081,0.038010445
1.316666667,3.84767E-11,1.01079E-10,0.101079,0.038476702
1.333333333,3.8943E-11,1.00631E-10,0.100631,0.038942958
1.35,3.94092E-11,1.0039E-10,0.10039,0.039409214
1.366666667,3.98755E-11,1.0324E-10,0.10324,0.03987547
1.383333333,4.03417E-11,1.01391E-10,0.101391,0.040341726
1.4,4.0808E-11,1.07301E-10,0.107301,0.040807983
1.416666667,4.12742E-11,1.04954E-10,0.104954,0.041274239
1.433333333,4.17405E-11,1.04537E-10,0.104537,0.041740495
1.45,4.22068E-11,1.08197E-10,0.108197,0.042206751
1.466666667,4.2673E-11,1.12093E-10,0.112093,0.042673008
1.483333333,4.31393E-11,1.09651E-10,0.109651,0.043139264
1.5,4.36055E-11,1.14503E-10,0.114503,0.04360552
1.516666667,4.40718E-11,1.14537E-10,0.114537,0.044071776
1.533333333,4.4538E-11,1.16082E-10,0.116082,0.044538033
1.55,4.50043E-11,1.18236E-10,0.118236,0.045004289
1.566666667,4.54705E-11,1.15536E-10,0.115536,0.045470545
1.583333333,4.59368E-11,1.17546E-10,0.117546,0.045936801
1.6,4.64031E-11,1.19656E-10,0.119656,0.046403057
1.616666667,4.68693E-11,1.17571E-10,0.117571,0.046869314
1.633333333,4.73356E-11,1.19986E-10,0.119986,0.04733557
1.65,4.78018E-11,1.21044E-10,0.121044,0.047801826
1.666666667,4.82681E-11,1.23738E-10,0.123738,0.048268082
1.683333333,4.87343E-11,1.25195E-10,0.125195,0.048734339
1.7,4.92006E-11,1.25693E-10,0.125693,0.049200595
1.716666667,4.96669E-11,1.27023E-10,0.127023,0.049666851
1.733333333,5.01331E-11,1.26103E-10,0.126103,0.050133107
1.75,5.05994E-11,1.27752E-10,0.127752,0.050599363
1.766666667,5.10656E-11,1.27714E-10,0.127714,0.05106562
1.783333333,5.15319E-11,1.34884E-10,0.134884,0.051531876
1.8,5.19981E-11,1.30364E-10,0.130364,0.051998132
1.816666667,5.24644E-11,1.37989E-10,0.137989,0.052464388
1.833333333,5.29306E-11,1.35795E-10,0.135795,0.052930645
1.85,5.33969E-11,1.35524E-10,0.135524,0.053396901
1.866666667,5.38632E-11,1.34895E-10,0.134895,0.053863157
1.883333333,5.43294E-11,1.37192E-10,0.137192,0.054329413
1.9,5.47957E-11,1.41762E-10,0.141762,0.054795669
1.916666667,5.52619E-11,1.42162E-10,0.142162,0.055261926
1.933333333,5.57282E-11,1.39941E-10,0.139941,0.055728182
1.95,5.61944E-11,1.46142E-10,0.146142,0.056194438
1.966666667,5.66607E-11,1.44466E-10,0.144466,0.056660694
1.983333333,5.7127E-11,1.46828E-10,0.146828,0.057126951
2,5.75932E-11,1.45544E-10,0.145544,0.057593207
2.016666667,5.80595E-11,1.45366E-10,0.145366,0.058059463
2.033333333,5.85257E-11,1.52029E-10,0.152029,0.058525719
2.05,5.8992E-11,1.50542E-10,0.150542,0.058991976
2.066666667,5.94582E-11,1.54299E-10,0.154299,0.059458232
2.083333333,5.99245E-11,1.56951E-10,0.156951,0.059924488
2.1,6.03907E-11,1.56575E-10,0.156575,0.060390744
2.116666667,6.0857E-11,1.56557E-10,0.156557,0.060857
2.133333333,6.13233E-11,1.54144E-10,0.154144,0.061323257
2.15,6.17895E-11,1.58102E-10,0.158102,0.061789513
2.166666667,6.22558E-11,1.6214E-10,0.16214,0.062255769
2.183333333,6.2722E-11,1.57354E-10,0.157354,0.062722025
2.2,6.31883E-11,1.6251E-10,0.16251,0.063188282
2.216666667,6.36545E-11,1.6122E-10,0.16122,0.063654538
2.233333333,6.41208E-11,1.6687E-10,0.16687,0.064120794
2.25,6.45871E-11,1.69491E-10,0.169491,0.06458705
2.266666667,6.50533E-11,1.63685E-10,0.163685,0.065053306
2.283333333,6.55196E-11,1.69884E-10,0.169884,0.065519563
2.3,6.59858E-11,1.70508E-10,0.170508,0.065985819
2.316666667,6.64521E-11,1.66673E-10,0.166673,0.066452075
2.333333333,6.69183E-11,1.7201E-10,0.17201,0.066918331
2.35,6.73846E-11,1.75727E-10,0.175727,0.067384588
2.366666667,6.78508E-11,1.7296E-10,0.17296,0.067850844
2.383333333,6.83171E-11,1.79602E-10,0.179602,0.0683171
2.4,6.87834E-11,1.78784E-10,0.178784,0.068783356
2.416666667,6.92496E-11,1.75016E-10,0.175016,0.069249613
2.433333333,6.97159E-11,1.75773E-10,0.175773,0.069715869
2.45,7.01821E-11,1.8046E-10,0.18046,0.070182125
2.466666667,7.06484E-11,1.85171E-10,0.185171,0.070648381
2.483333333,7.11146E-11,1.84698E-10,0.184698,0.071114637
2.5,7.15809E-11,1.81031E-10,0.181031,0.071580894
2.516666667,7.20471E-11,1.86251E-10,0.186251,0.07204715
2.533333333,7.25134E-11,1.83616E-10,0.183616,0.072513406
2.55,7.29797E-11,1.89872E-10,0.189872,0.072979662
2.566666667,7.34459E-11,1.88046E-10,0.188046,0.073445919
2.583333333,7.39122E-11,1.92801E-10,0.192801,0.073912175
2.6,7.43784E-11,1.87128E-10,0.187128,0.074378431
2.616666667,7.48447E-11,1.92748E-10,0.192748,0.074844687
2.633333333,7.53109E-11,1.89753E-10,0.189753,0.075310943
2.65,7.57772E-11,1.96964E-10,0.196964,0.0757772
2.666666667,7.62435E-11,1.99444E-10,0.199444,0.076243456
2.683333333,7.67097E-11,1.92382E-10,0.192382,0.076709712
2.7,7.7176E-11,1.95432E-10,0.195432,0.077175968
2.716666667,7.76422E-11,2.02626E-10,0.202626,0.077642225
2.733333333,7.81085E-11,2.02642E-10,0.202642,0.078108481
2.75,7.85747E-11,1.9722E-10,0.19722,0.078574737
2.766666667,7.9041E-11,2.0484E-10,0.20484,0.079040993
2.783333333,7.95072E-11,2.01283E-10,0.201283,0.07950725
2.8,7.99735E-11,2.06017E-10,0.206017,0.079973506
2.816666667,8.04398E-11,2.01999E-10,0.201999,0.080439762
2.833333333,8.0906E-11,2.03193E-10,0.203193,0.080906018
2.85,8.13723E-11,2.09114E-10,0.209114,0.081372274
2.866666667,8.18385E-11,2.05808E-10,0.205808,0.081838531
2.883333333,8.23048E-11,2.0829E-10,0.20829,0.082304787
2.9,8.2771E-11,2.14723E-10,0.214723,0.082771043
2.916666667,8.32373E-11,2.14757E-10,0.214757,0.083237299
2.933333333,8.37036E-11,2.18934E-10,0.218934,0.083703556
2.95,8.41698E-11,2.18357E-10,0.218357,0.084169812
2.966666667,8.46361E-11,2.18863E-10,0.218863,0.084636068
2.983333333,8.51023E-11,2.15084E-10,0.215084,0.085102324
3,8.55686E-11,2.14911E-10,0.214911,0.08556858
3.016666667,8.60348E-11,2.23096E-10,0.223096,0.086034837
3.033333333,8.65011E-11,2.23416E-10,0.223416,0.086501093
3.05,8.69673E-11,2.20217E-10,0.220217,0.086967349
3.066666667,8.74336E-11,2.20151E-10,0.220151,0.087433605
3.083333333,8.78999E-11,2.21361E-10,0.221361,0.087899862
3.1,8.83661E-11,2.25125E-10,0.225125,0.088366118
3.116666667,8.88324E-11,2.26986E-10,0.226986,0.088832374
3.133333333,8.92986E-11,2.28882E-10,0.228882,0.08929863
3.15,8.97649E-11,2.29783E-10,0.229783,0.089764886
3.166666667,9.02311E-11,2.27326E-10,0.227326,0.090231143
3.183333333,9.06974E-11,2.26906E-10,0.226906,0.090697399
3.2,9.11637E-11,2.31456E-10,0.231456,0.091163655
3.216666667,9.16299E-11,2.40961E-10,0.240961,0.091629911
3.233333333,9.20962E-11,2.3639E-10,0.23639,0.092096168
3.25,9.25624E-11,2.37517E-10,0.237517,0.092562424
3.266666667,9.30287E-11,2.42108E-10,0.242108,0.09302868
3.283333333,9.34949E-11,2.37932E-10,0.237932,0.093494936
3.3,9.39612E-11,2.46114E-10,0.246114,0.093961193
3.316666667,9.44274E-11,2.44562E-10,0.244562,0.094427449
3.333333333,9.89137E-11,2.54876E-10,0.254876,0.09891369
3.35,1.04405E-10,2.6754E-10,0.26754,0.104404928
3.366666667,1.09896E-10,2.84805E-10,0.284805,0.109896166
3.383333333,1.15387E-10,2.89279E-10,0.289279,0.115387404
3.4,1.20879E-10,3.06367E-10,0.306367,0.120878642
3.416666667,1.2637E-10,3.23791E-10,0.323791,0.12636988
3.433333333,1.31861E-10,3.30484E-10,0.330484,0.131861118
3.45,1.37352E-10,3.47449E-10,0.347449,0.137352356
3.466666667,1.42844E-10,3.71558E-10,0.371558,0.142843594
3.483333333,1.48335E-10,3.79731E-10,0.379731,0.148334832
3.5,1.53826E-10,4.01988E-10,0.401988,0.153826069
3.516666667,1.59317E-10,4.11126E-10,0.411126,0.159317307
3.533333333,1.64809E-10,4.1488E-10,0.41488,0.164808545
3.55,1.703E-10,4.39271E-10,0.439271,0.170299783
3.566666667,1.75791E-10,4.55036E-10,0.455036,0.175791021
3.583333333,1.81282E-10,4.55487E-10,0.455487,0.181282259
3.6,1.86773E-10,4.86736E-10,0.486736,0.186773497
3.616666667,1.92265E-10,4.87723E-10,0.487723,0.192264735
3.633333333,1.97756E-10,5.1321E-10,0.51321,0.197755973
3.65,2.03247E-10,5.27226E-10,0.527226,0.203247211
3.666666667,2.08738E-10,5.33507E-10,0.533507,0.208738449
3.683333333,2.1423E-10,5.58199E-10,0.558199,0.214229687
3.7,2.19721E-10,5.6335E-10,0.56335,0.219720924
3.716666667,2.25212E-10,5.76954E-10,0.576954,0.225212162
3.733333333,2.30703E-10,5.90646E-10,0.590646,0.2307034
3.75,2.36195E-10,5.97024E-10,0.597024,0.236194638
3.766666667,2.41686E-10,6.14904E-10,0.614904,0.241685876
3.783333333,2.47177E-10,6.41844E-10,0.641844,0.247177114
3.8,2.52668E-10,6.34775E-10,0.634775,0.252668352
3.816666667,2.5816E-10,6.56507E-10,0.656507,0.25815959
3.833333333,2.63651E-10,6.77334E-10,0.677334,0.263650828
3.85,2.69142E-10,6.78616E-10,0.678616,0.269142066
3.866666667,2.74633E-10,6.95213E-10,0.695213,0.274633304
3.883333333,2.80125E-10,7.14685E-10,0.714685,0.280124541
3.9,2.85616E-10,7.39324E-10,0.739324,0.285615779
3.916666667,2.91107E-10,7.28497E-10,0.728497,0.291107017
3.933333333,2.96598E-10,7.61348E-10,0.761348,0.296598255
3.95,3.02089E-10,7.82075E-10,0.782075,0.302089493
3.966666667,3.07581E-10,7.89154E-10,0.789154,0.307580731
3.983333333,3.13072E-10,8.19603E-10,0.819603,0.313071969
4,3.18563E-10,8.2001E-10,0.82001,0.318563207
4.016666667,3.24054E-10,8.36948E-10,0.836948,0.324054445
4.033333333,3.29546E-10,8.30526E-10,0.830526,0.329545683
4.05,3.35037E-10,8.68238E-10,0.868238,0.335036921
4.066666667,3.40528E-10,8.80437E-10,0.880437,0.340528159
4.083333333,3.46019E-10,8.71432E-10,0.871432,0.346019396
4.1,3.51511E-10,8.99925E-10,0.899925,0.351510634
4.116666667,3.57002E-10,8.9905E-10,0.89905,0.357001872
4.133333333,3.62493E-10,9.18322E-10,0.918322,0.36249311
4.15,3.67984E-10,9.39541E-10,0.939541,0.367984348
4.166666667,3.73476E-10,9.673E-10,0.9673,0.373475586
4.183333333,3.78967E-10,9.87897E-10,0.987897,0.378966824
4.2,3.84458E-10,9.98149E-10,0.998149,0.384458062
4.216666667,3.89949E-10,9.87197E-10,0.987197,0.3899493
4.233333333,3.95441E-10,1.00352E-09,1.00352,0.395440538
4.25,4.00932E-10,1.02774E-09,1.02774,0.400931776
4.266666667,4.06423E-10,1.06211E-09,1.06211,0.406423013
4.283333333,4.11914E-10,1.03261E-09,1.03261,0.411914251
4.3,4.17405E-10,1.04546E-09,1.04546,0.417405489
4.316666667,4.22897E-10,1.0916E-09,1.0916,0.422896727
4.333333333,4.28388E-10,1.11259E-09,1.11259,0.428387965
4.35,4.33879E-10,1.11549E-09,1.11549,0.433879203
4.366666667,4.3937E-10,1.15626E-09,1.15626,0.439370441
4.383333333,4.44862E-10,1.15318E-09,1.15318,0.444861679
4.4,4.50353E-10,1.13034E-09,1.13034,0.450352917
4.416666667,4.55844E-10,1.16951E-09,1.16951,0.455844155
4.433333333,4.61335E-10,1.21122E-09,1.21122,0.461335393
4.45,4.66827E-10,1.18444E-09,1.18444,0.466826631
4.466666667,4.72318E-10,1.18563E-09,1.18563,0.472317868
4.483333333,4.77809E-10,1.20561E-09,1.20561,0.477809106
4.5,4.833E-10,1.2471E-09,1.2471,0.483300344
4.516666667,4.88792E-10,1.23117E-09,1.23117,0.488791582
4.533333333,4.94283E-10,1.23872E-09,1.23872,0.49428282
4.55,4.99774E-10,1.2517E-09,1.2517,0.499774058
4.566666667,5.05265E-10,1.32608E-09,1.32608,0.505265296
4.583333333,5.10757E-10,1.33981E-09,1.33981,0.510756534
4.6,5.16248E-10,1.31483E-09,1.31483,0.516247772
4.616666667,5.21739E-10,1.33279E-09,1.33279,0.52173901
4.633333333,5.26409E-10,1.3194E-09,1.3194,0.526409469
4.65,5.27797E-10,1.38751E-09,1.38751,0.527796816
4.666666667,5.29184E-10,1.3723E-09,1.3723,0.529184163
4.683333333,5.30572E-10,1.35983E-09,1.35983,0.53057151
4.7,5.31959E-10,1.39648E-09,1.39648,0.531958857
4.716666667,5.33346E-10,1.39918E-09,1.39918,0.533346203
4.733333333,5.34734E-10,1.33784E-09,1.33784,0.53473355
4.75,5.36121E-10,1.38106E-09,1.38106,0.536120897
4.766666667,5.37508E-10,1.36806E-09,1.36806,0.537508244
4.783333333,5.38896E-10,1.39798E-09,1.39798,0.538895591
4.8,5.40283E-10,1.35874E-09,1.35874,0.540282938
4.816666667,5.4167E-10,1.40965E-09,1.40965,0.541670284
4.833333333,5.43058E-10,1.42223E-09,1.42223,0.543057631
4.85,5.44445E-10,1.42387E-09,1.42387,0.544444978
4.866666667,5.45832E-10,1.39227E-09,1.39227,0.545832325
4.883333333,5.4722E-10,1.41083E-09,1.41083,0.547219672
4.9,5.48607E-10,1.39653E-09,1.39653,0.548607018
4.916666667,5.49994E-10,1.38815E-09,1.38815,0.549994365
4.933333333,5.51382E-10,1.42051E-09,1.42051,0.551381712
4.95,5.52769E-10,1.42567E-09,1.42567,0.552769059
4.966666667,5.54156E-10,1.43198E-09,1.43198,0.554156406
4.983333333,5.55544E-10,1.41102E-09,1.41102,0.555543752
5,5.56931E-10,1.45825E-09,1.45825,0.556931099
5.016666667,5.58318E-10,1.45264E-09,1.45264,0.558318446
5.033333333,5.59706E-10,1.44306E-09,1.44306,0.559705793
5.05,5.61093E-10,1.42852E-09,1.42852,0.56109314
5.066666667,5.6248E-10,1.433E-09,1.433,0.562480487
5.083333333,5.63868E-10,1.43964E-09,1.43964,0.563867833
5.1,5.65255E-10,1.44945E-09,1.44945,0.56525518
5.116666667,5.66643E-10,1.47011E-09,1.47011,0.566642527
5.133333333,5.6803E-10,1.45646E-09,1.45646,0.568029874
5.15,5.69417E-10,1.44841E-09,1.44841,0.569417221
5.166666667,5.70805E-10,1.46821E-09,1.46821,0.570804567
5.183333333,5.72192E-10,1.48038E-09,1.48038,0.572191914
5.2,5.73579E-10,1.45847E-09,1.45847,0.573579261
5.216666667,5.74967E-10,1.47677E-09,1.47677,0.574966608
5.233333333,5.76354E-10,1.48431E-09,1.48431,0.576353955
5.25,5.77741E-10,1.47569E-09,1.47569,0.577741301
5.266666667,5.79129E-10,1.49976E-09,1.49976,0.579128648
5.283333333,5.80516E-10,1.4969E-09,1.4969,0.580515995
5.3,5.81903E-10,1.47329E-09,1.47329,0.581903342
5.316666667,5.83291E-10,1.49737E-09,1.49737,0.583290689
5.333333333,5.84678E-10,1.49294E-09,1.49294,0.584678036
5.35,5.86065E-10,1.51526E-09,1.51526,0.586065382
5.366666667,5.87453E-10,1.52993E-09,1.52993,0.587452729
5.383333333,5.8884E-10,1.5415E-09,1.5415,0.588840076
5.4,5.90227E-10,1.50675E-09,1.50675,0.590227423
5.416666667,5.91615E-10,1.5188E-09,1.5188,0.59161477
5.433333333,5.93002E-10,1.55403E-09,1.55403,0.593002116
5.45,5.94389E-10,1.55745E-09,1.55745,0.594389463
5.466666667,5.95777E-10,1.51747E-09,1.51747,0.59577681
5.483333333,5.97164E-10,1.50562E-09,1.50562,0.597164157
5.5,5.98552E-10,1.54611E-09,1.54611,0.598551504
5.516666667,5.99939E-10,1.56453E-09,1.56453,0.59993885
5.533333333,6.01326E-10,1.50492E-09,1.50492,0.601326197
5.55,6.02714E-10,1.54788E-09,1.54788,0.602713544
5.566666667,6.04101E-10,1.58512E-09,1.58512,0.604100891
5.583333333,6.05488E-10,1.57437E-09,1.57437,0.605488238
5.6,6.06876E-10,1.55836E-09,1.55836,0.606875585
5.616666667,6.08263E-10,1.58E-09,1.58,0.608262931
5.633333333,6.0965E-10,1.57941E-09,1.57941,0.609650278
5.65,6.11038E-10,1.54376E-09,1.54376,0.611037625
5.666666667,6.12425E-10,1.53786E-09,1.53786,0.612424972
5.683333333,6.13812E-10,1.58637E-09,1.58637,0.613812319
5.7,6.152E-10,1.61469E-09,1.61469,0.615199665
5.716666667,6.16587E-10,1.6096E-09,1.6096,0.616587012
5.733333333,6.17974E-10,1.58851E-09,1.58851,0.617974359
5.75,6.19362E-10,1.57489E-09,1.57489,0.619361706
5.766666667,6.20749E-10,1.57557E-09,1.57557,0.620749053
5.783333333,6.22136E-10,1.60625E-09,1.60625,0.6221364
5.8,6.23524E-10,1.61237E-09,1.61237,0.623523746
5.816666667,6.24911E-10,1.61785E-09,1.61785,0.624911093
5.833333333,6.26298E-10,1.57067E-09,1.57067,0.62629844
5.85,6.27686E-10,1.57806E-09,1.57806,0.627685787
5.866666667,6.29073E-10,1.59728E-09,1.59728,0.629073134
5.883333333,6.3046E-10,1.59207E-09,1.59207,0.63046048
5.9,6.31848E-10,1.60242E-09,1.60242,0.631847827
5.916666667,6.33235E-10,1.62976E-09,1.62976,0.633235174
5.933333333,6.34623E-10,1.6252E-09,1.6252,0.634622521
5.95,6.3601E-10,1.61981E-09,1.61981,0.636009868
5.966666667,6.37397E-10,1.6229E-09,1.6229,0.637397214
5.983333333,6.38785E-10,1.62955E-09,1.62955,0.638784561
6,6.40172E-10,1.60985E-09,1.60985,0.640171908
6.016666667,6.41559E-10,1.66993E-09,1.66993,0.641559255
6.033333333,6.42947E-10,1.64951E-09,1.64951,0.642946602
6.05,6.44334E-10,1.64509E-09,1.64509,0.644333949
6.066666667,6.45721E-10,1.65431E-09,1.65431,0.645721295
6.083333333,6.47109E-10,1.69724E-09,1.69724,0.647108642
6.1,6.48496E-10,1.66654E-09,1.66654,0.648495989
6.116666667,6.49883E-10,1.66052E-09,1.66052,0.649883336
6.133333333,6.51271E-10,1.7031E-09,1.7031,0.651270683
6.15,6.52658E-10,1.66307E-09,1.66307,0.652658029
6.166666667,6.54045E-10,1.68343E-09,1.68343,0.654045376
6.183333333,6.55433E-10,1.6626E-09,1.6626,0.655432723
6.2,6.5682E-10,1.66585E-09,1.66585,0.65682007
6.216666667,6.58207E-10,1.67601E-09,1.67601,0.658207417
6.233333333,6.59595E-10,1.73259E-09,1.73259,0.659594763
6.25,6.60982E-10,1.69647E-09,1.69647,0.66098211
6.266666667,6.62369E-10,1.71789E-09,1.71789,0.662369457
6.283333333,6.63757E-10,1.70864E-09,1.70864,0.663756804
6.3,6.65144E-10,1.72563E-09,1.72563,0.665144151
6.316666667,6.66531E-10,1.74208E-09,1.74208,0.666531498
6.333333333,6.67919E-10,1.74718E-09,1.74718,0.667918844
6.35,6.69306E-10,1.68079E-09,1.68079,0.669306191
6.366666667,6.70694E-10,1.67873E-09,1.67873,0.670693538
6.383333333,6.72081E-10,1.71537E-09,1.71537,0.672080885
6.4,6.73468E-10,1.74331E-09,1.74331,0.673468232
6.416666667,6.74856E-10,1.69192E-09,1.69192,0.674855578
6.433333333,6.76243E-10,1.71979E-09,1.71979,0.676242925
6.45,6.7763E-10,1.76246E-09,1.76246,0.677630272
6.466666667,6.79018E-10,1.72127E-09,1.72127,0.679017619
6.483333333,6.80405E-10,1.73547E-09,1.73547,0.680404966
6.5,6.81792E-10,1.7595E-09,1.7595,0.681792313
6.516666667,6.8318E-10,1.76309E-09,1.76309,0.683179659
6.533333333,6.84567E-10,1.74469E-09,1.74469,0.684567006
6.55,6.85954E-10,1.79378E-09,1.79378,0.685954353
6.566666667,6.87342E-10,1.78912E-09,1.78912,0.6873417
6.583333333,6.88729E-10,1.75635E-09,1.75635,0.688729047
6.6,6.90116E-10,1.8057E-09,1.8057,0.690116393
6.616666667,6.91504E-10,1.75697E-09,1.75697,0.69150374
6.633333333,6.92891E-10,1.82232E-09,1.82232,0.692891087
6.65,6.94278E-10,1.80985E-09,1.80985,0.694278434
6.666666667,6.95666E-10,1.82805E-09,1.82805,0.695665781
6.683333333,6.97053E-10,1.79173E-09,1.79173,0.697053127
6.7,6.9844E-10,1.8123E-09,1.8123,0.698440474
6.716666667,6.99828E-10,1.80085E-09,1.80085,0.699827821
6.733333333,7.01215E-10,1.77784E-09,1.77784,0.701215168
6.75,7.02603E-10,1.81826E-09,1.81826,0.702602515
6.766666667,7.0399E-10,1.77554E-09,1.77554,0.703989862
6.783333333,7.05377E-10,1.83571E-09,1.83571,0.705377208
6.8,7.06765E-10,1.80838E-09,1.80838,0.706764555
6.816666667,7.08152E-10,1.84447E-09,1.84447,0.708151902
6.833333333,7.09539E-10,1.83522E-09,1.83522,0.709539249
6.85,7.10927E-10,1.84626E-09,1.84626,0.710926596
6.866666667,7.12314E-10,1.78739E-09,1.78739,0.712313942
6.883333333,7.13701E-10,1.80198E-09,1.80198,0.713701289
6.9,7.15089E-10,1.86449E-09,1.86449,0.715088636
6.916666667,7.16476E-10,1.87127E-09,1.87127,0.716475983
6.933333333,7.17863E-10,1.88069E-09,1.88069,0.71786333
6.95,7.19251E-10,1.83923E-09,1.83923,0.719250676
6.966666667,7.20638E-10,1.83804E-09,1.83804,0.720638023
6.983333333,7.22025E-10,1.82578E-09,1.82578,0.72202537
7,7.23413E-10,1.8632E-09,1.8632,0.723412717
7.016666667,7.248E-10,1.82498E-09,1.82498,0.724800064
7.033333333,7.26187E-10,1.81711E-09,1.81711,0.726187411
7.05,7.27575E-10,1.90104E-09,1.90104,0.727574757
7.066666667,7.28962E-10,1.8338E-09,1.8338,0.728962104
7.083333333,7.30349E-10,1.83542E-09,1.83542,0.730349451
7.1,7.31737E-10,1.86529E-09,1.86529,0.731736798
7.116666667,7.33124E-10,1.90531E-09,1.90531,0.733124145
7.133333333,7.34511E-10,1.8785E-09,1.8785,0.734511491
7.15,7.35899E-10,1.91037E-09,1.91037,0.735898838
7.166666667,7.37286E-10,1.87306E-09,1.87306,0.737286185
7.183333333,7.38674E-10,1.88783E-09,1.88783,0.738673532
7.2,7.40061E-10,1.85278E-09,1.85278,0.740060879
7.216666667,7.41448E-10,1.90024E-09,1.90024,0.741448225
7.233333333,7.42836E-10,1.86617E-09,1.86617,0.742835572
7.25,7.44223E-10,1.87775E-09,1.87775,0.744222919
7.266666667,7.4561E-10,1.8861E-09,1.8861,0.745610266
7.283333333,7.46998E-10,1.96289E-09,1.96289,0.746997613
7.3,7.48385E-10,1.88641E-09,1.88641,0.74838496
7.316666667,7.49772E-10,1.90364E-09,1.90364,0.749772306
7.333333333,7.5116E-10,1.89856E-09,1.89856,0.751159653
7.35,7.52547E-10,1.94486E-09,1.94486,0.752547
7.366666667,7.54637E-10,1.98564E-09,1.98564,0.754636703
7.383333333,7.56726E-10,1.93127E-09,1.93127,0.756726406
7.4,7.58816E-10,1.98573E-09,1.98573,0.758816109
7.416666667,7.60906E-10,1.95127E-09,1.95127,0.760905812
7.433333333,7.62996E-10,1.95032E-09,1.95032,0.762995515
7.45,7.65085E-10,1.92557E-09,1.92557,0.765085218
7.466666667,7.67175E-10,1.92788E-09,1.92788,0.767174921
7.483333333,7.69265E-10,1.94115E-09,1.94115,0.769264624
7.5,7.71354E-10,2.01365E-09,2.01365,0.771354327
7.516666667,7.73444E-10,1.97363E-09,1.97363,0.77344403
7.533333333,7.75534E-10,2.0127E-09,2.0127,0.775533733
7.55,7.77623E-10,1.99237E-09,1.99237,0.777623436
7.566666667,7.79713E-10,2.0417E-09,2.0417,0.779713139
7.583333333,7.81803E-10,2.04694E-09,2.04694,0.781802842
7.6,7.83893E-10,1.96994E-09,1.96994,0.783892545
7.616666667,7.85982E-10,1.97519E-09,1.97519,0.785982248
7.633333333,7.88072E-10,2.00157E-09,2.00157,0.78807195
7.65,7.90162E-10,2.0403E-09,2.0403,0.790161653
7.666666667,7.92251E-10,2.03192E-09,2.03192,0.792251356
7.683333333,7.94341E-10,2.08482E-09,2.08482,0.794341059
7.7,7.96431E-10,2.03368E-09,2.03368,0.796430762
7.716666667,7.9852E-10,2.0903E-09,2.0903,0.798520465
7.733333333,8.0061E-10,2.105E-09,2.105,0.800610168
7.75,8.027E-10,2.09532E-09,2.09532,0.802699871
7.766666667,8.0479E-10,2.02782E-09,2.02782,0.804789574
7.783333333,8.06879E-10,2.09924E-09,2.09924,0.806879277
7.8,8.08969E-10,2.09026E-09,2.09026,0.80896898
7.816666667,8.11059E-10,2.07795E-09,2.07795,0.811058683
7.833333333,8.13148E-10,2.064E-09,2.064,0.813148386
7.85,8.15238E-10,2.07173E-09,2.07173,0.815238089
7.866666667,8.17328E-10,2.08001E-09,2.08001,0.817327792
7.883333333,8.19417E-10,2.13422E-09,2.13422,0.819417495
7.9,8.21507E-10,2.13545E-09,2.13545,0.821507198
7.916666667,8.23597E-10,2.11966E-09,2.11966,0.823596901
7.933333333,8.25687E-10,2.06762E-09,2.06762,0.825686604
7.95,8.27776E-10,2.08373E-09,2.08373,0.827776307
7.966666667,8.29866E-10,2.15465E-09,2.15465,0.82986601
7.983333333,8.31956E-10,2.08807E-09,2.08807,0.831955713
8,8.34045E-10,2.14315E-09,2.14315,0.834045416
8.016666667,8.36135E-10,2.16224E-09,2.16224,0.836135119
8.033333333,8.38225E-10,2.19828E-09,2.19828,0.838224822
8.05,8.40315E-10,2.10131E-09,2.10131,0.840314525
8.066666667,8.42404E-10,2.16948E-09,2.16948,0.842404228
8.083333333,8.44494E-10,2.221E-09,2.221,0.844493931
8.1,8.46584E-10,2.14166E-09,2.14166,0.846583634
8.116666667,8.48673E-10,2.21939E-09,2.21939,0.848673337
8.133333333,8.50763E-10,2.21607E-09,2.21607,0.85076304
8.15,8.52853E-10,2.24267E-09,2.24267,0.852852743
8.166666667,8.54942E-10,2.21218E-09,2.21218,0.854942446
8.183333333,8.57032E-10,2.19326E-09,2.19326,0.857032149
8.2,8.59122E-10,2.25149E-09,2.25149,0.859121851
8.216666667,8.61212E-10,2.20595E-09,2.20595,0.861211554
8.233333333,8.63301E-10,2.26335E-09,2.26335,0.863301257
8.25,8.65391E-10,2.21341E-09,2.21341,0.86539096
8.266666667,8.67481E-10,2.23489E-09,2.23489,0.867480663
8.283333333,8.6957E-10,2.23415E-09,2.23415,0.869570366
8.3,8.7166E-10,2.23072E-09,2.23072,0.871660069
8.316666667,8.7375E-10,2.27739E-09,2.27739,0.873749772
8.333333333,8.75839E-10,2.19143E-09,2.19143,0.875839475
8.35,8.77929E-10,2.2871E-09,2.2871,0.877929178
8.366666667,8.82049E-10,2.25214E-09,2.25214,0.882048525
8.383333333,8.89212E-10,2.29775E-09,2.29775,0.889212337
8.4,8.96376E-10,2.29825E-09,2.29825,0.896376149
8.416666667,9.0354E-10,2.3207E-09,2.3207,0.90353996
8.433333333,9.10704E-10,2.3153E-09,2.3153,0.910703772
8.45,9.17868E-10,2.40178E-09,2.40178,0.917867584
8.466666667,9.25031E-10,2.41806E-09,2.41806,0.925031396
8.483333333,9.32195E-10,2.39516E-09,2.39516,0.932195208
8.5,9.39359E-10,2.34914E-09,2.34914,0.93935902
8.516666667,9.46523E-10,2.46261E-09,2.46261,0.946522832
8.533333333,9.53687E-10,2.45602E-09,2.45602,0.953686644
8.55,9.6085E-10,2.45066E-09,2.45066,0.960850455
8.566666667,9.68014E-10,2.47592E-09,2.47592,0.968014267
8.583333333,9.75178E-10,2.48904E-09,2.48904,0.975178079
8.6,9.82342E-10,2.57327E-09,2.57327,0.982341891
8.616666667,9.89506E-10,2.49662E-09,2.49662,0.989505703
8.633333333,9.9667E-10,2.50116E-09,2.50116,0.996669515
8.65,1.00383E-09,2.54772E-09,2.54772,1.003833327
8.666666667,1.011E-09,2.54459E-09,2.54459,1.010997139
8.683333333,1.01816E-09,2.66734E-09,2.66734,1.01816095
8.7,1.02532E-09,2.59383E-09,2.59383,1.025324762
8.716666667,1.03249E-09,2.70848E-09,2.70848,1.032488574
8.733333333,1.03965E-09,2.68527E-09,2.68527,1.039652386
8.75,1.04682E-09,2.64029E-09,2.64029,1.046816198
8.766666667,1.05398E-09,2.69655E-09,2.69655,1.05398001
8.783333333,1.06114E-09,2.73724E-09,2.73724,1.061143822
8.8,1.06831E-09,2.72918E-09,2.72918,1.068307634
8.816666667,1.07547E-09,2.74485E-09,2.74485,1.075471446
8.833333333,1.08264E-09,2.72899E-09,2.72899,1.082635257
8.85,1.0898E-09,2.85073E-09,2.85073,1.089799069
8.866666667,1.09696E-09,2.88289E-09,2.88289,1.096962881
8.883333333,1.10413E-09,2.77843E-09,2.77843,1.104126693
8.9,1.11129E-09,2.82596E-09,2.82596,1.111290505
8.916666667,1.11845E-09,2.88685E-09,2.88685,1.118454317
8.933333333,1.12562E-09,2.8634E-09,2.8634,1.125618129
8.95,1.13278E-09,2.87782E-09,2.87782,1.132781941
8.966666667,1.13995E-09,2.9473E-09,2.9473,1.139945752
8.983333333,1.14711E-09,2.89857E-09,2.89857,1.147109564
9,1.15427E-09,2.9321E-09,2.9321,1.154273376
9.016666667,1.16144E-09,3.0021E-09,3.0021,1.161437188
9.033333333,1.1686E-09,3.01279E-09,3.01279,1.168601
9.05,1.17576E-09,3.00926E-09,3.00926,1.175764812
9.066666667,1.18293E-09,2.99951E-09,2.99951,1.182928624
9.083333333,1.19009E-09,3.02461E-09,3.02461,1.190092436
9.1,1.19726E-09,3.12297E-09,3.12297,1.197256248
9.116666667,1.20442E-09,3.107E-09,3.107,1.204420059
9.133333333,1.21158E-09,3.05306E-09,3.05306,1.211583871
9.15,1.21875E-09,3.13458E-09,3.13458,1.218747683
9.166666667,1.22591E-09,3.11279E-09,3.11279,1.225911495
9.183333333,1.23308E-09,3.21315E-09,3.21315,1.233075307
9.2,1.24024E-09,3.12628E-09,3.12628,1.240239119
9.216666667,1.2474E-09,3.25439E-09,3.25439,1.247402931
9.233333333,1.25457E-09,3.1983E-09,3.1983,1.254566743
9.25,1.26173E-09,3.16968E-09,3.16968,1.261730554
9.266666667,1.26889E-09,3.33428E-09,3.33428,1.268894366
9.283333333,1.27606E-09,3.34201E-09,3.34201,1.276058178
9.3,1.28322E-09,3.34392E-09,3.34392,1.28322199
9.316666667,1.29039E-09,3.32808E-09,3.32808,1.290385802
9.333333333,1.29755E-09,3.30228E-09,3.30228,1.297549614
9.35,1.30471E-09,3.28255E-09,3.28255,1.304713426
9.366666667,1.31188E-09,3.28871E-09,3.28871,1.311877238
9.383333333,1.31322E-09,3.31845E-09,3.31845,1.313219853
9.4,1.31311E-09,3.33608E-09,3.33608,1.313107168
9.416666667,1.31299E-09,3.33558E-09,3.33558,1.312994484
9.433333333,1.31288E-09,3.44979E-09,3.44979,1.312881799
9.45,1.31277E-09,3.35379E-09,3.35379,1.312769115
9.466666667,1.31266E-09,3.45011E-09,3.45011,1.312656431
9.483333333,1.31254E-09,3.355E-09,3.355,1.312543746
9.5,1.31243E-09,3.2915E-09,3.2915,1.312431062
9.516666667,1.31232E-09,3.42093E-09,3.42093,1.312318378
9.533333333,1.31221E-09,3.3846E-09,3.3846,1.312205693
9.55,1.31209E-09,3.37885E-09,3.37885,1.312093009
9.566666667,1.31198E-09,3.349E-09,3.349,1.311980324
9.583333333,1.31187E-09,3.29109E-09,3.29109,1.31186764
9.6,1.31175E-09,3.38893E-09,3.38893,1.311754956
9.616666667,1.31164E-09,3.36524E-09,3.36524,1.311642271
9.633333333,1.31153E-09,3.3673E-09,3.3673,1.311529587
9.65,1.31142E-09,3.39261E-09,3.39261,1.311416903
9.666666667,1.3113E-09,3.28962E-09,3.28962,1.311304218
9.683333333,1.31119E-09,3.32061E-09,3.32061,1.311191534
9.7,1.31108E-09,3.40952E-09,3.40952,1.31107885
9.716666667,1.31097E-09,3.41072E-09,3.41072,1.310966165
9.733333333,1.31085E-09,3.35287E-09,3.35287,1.310853481
9.75,1.31074E-09,3.30617E-09,3.30617,1.310740796
9.766666667,1.31063E-09,3.39761E-09,3.39761,1.310628112
9.783333333,1.31052E-09,3.40618E-09,3.40618,1.310515428
9.8,1.3104E-09,3.32995E-09,3.32995,1.310402743
9.816666667,1.31029E-09,3.42616E-09,3.42616,1.310290059
9.833333333,1.31018E-09,3.32551E-09,3.32551,1.310177375
9.85,1.31006E-09,3.42459E-09,3.42459,1.31006469
9.866666667,1.30995E-09,3.28877E-09,3.28877,1.309952006
9.883333333,1.30984E-09,3.37896E-09,3.37896,1.309839322
9.9,1.30973E-09,3.43136E-09,3.43136,1.309726637
9.916666667,1.30961E-09,3.33144E-09,3.33144,1.309613953
9.933333333,1.3095E-09,3.39103E-09,3.39103,1.309501268
9.95,1.30939E-09,3.39451E-09,3.39451,1.309388584
9.966666667,1.30928E-09,3.39445E-09,3.39445,1.3092759
9.983333333,1.30916E-09,3.28297E-09,3.28297,1.309163215
10,1.30905E-09,3.32634E-09,3.32634,1.309050531
10.01666667,1.30894E-09,3.42966E-09,3.42966,1.308937847
10.03333333,1.30883E-09,3.34078E-09,3.34078,1.308825162
10.05,1.30871E-09,3.34525E-09,3.34525,1.308712478
10.06666667,1.3086E-09,3.44211E-09,3.44211,1.308599794
10.08333333,1.30849E-09,3.28496E-09,3.28496,1.308487109
10.1,1.30837E-09,3.30439E-09,3.30439,1.308374425
10.11666667,1.30826E-09,3.31914E-09,3.31914,1.30826174
10.13333333,1.30815E-09,3.29201E-09,3.29201,1.308149056
10.15,1.30804E-09,3.42278E-09,3.42278,1.308036372
10.16666667,1.30792E-09,3.35071E-09,3.35071,1.307923687
10.18333333,1.30781E-09,3.33968E-09,3.33968,1.307811003
10.2,1.3077E-09,3.43549E-09,3.43549,1.307698319
10.21666667,1.30759E-09,3.30572E-09,3.30572,1.307585634
10.23333333,1.30747E-09,3.34113E-09,3.34113,1.30747295
10.25,1.30736E-09,3.34329E-09,3.34329,1.307360265
10.26666667,1.30725E-09,3.34053E-09,3.34053,1.307247581
10.28333333,1.30713E-09,3.31402E-09,3.31402,1.307134897
10.3,1.30702E-09,3.34487E-09,3.34487,1.307022212
10.31666667,1.30691E-09,3.41824E-09,3.41824,1.306909528
10.33333333,1.3068E-09,3.3785E-09,3.3785,1.306796844
10.35,1.30668E-09,3.32883E-09,3.32883,1.306684159
10.36666667,1.30657E-09,3.37164E-09,3.37164,1.306571475
10.38333333,1.30646E-09,3.37475E-09,3.37475,1.306458791
10.4,1.30635E-09,3.32441E-09,3.32441,1.306346106
10.41666667,1.30623E-09,3.27035E-09,3.27035,1.306233422
10.43333333,1.30612E-09,3.36775E-09,3.36775,1.306120737
10.45,1.30601E-09,3.26984E-09,3.26984,1.306008053
10.46666667,1.3059E-09,3.39804E-09,3.39804,1.305895369
10.48333333,1.30578E-09,3.42596E-09,3.42596,1.305782684
10.5,1.30567E-09,3.39647E-09,3.39647,1.30567
10.51666667,1.32114E-09,3.31123E-09,3.31123,1.3211375
10.53333333,1.33661E-09,3.37137E-09,3.37137,1.336605
10.55,1.35207E-09,3.52382E-09,3.52382,1.3520725
10.56666667,1.36754E-09,3.47402E-09,3.47402,1.36754
10.58333333,1.38301E-09,3.62752E-09,3.62752,1.3830075
10.6,1.39848E-09,3.55828E-09,3.55828,1.398475
10.61666667,1.41394E-09,3.70747E-09,3.70747,1.4139425
10.63333333,1.42941E-09,3.61075E-09,3.61075,1.42941
10.65,1.44488E-09,3.7789E-09,3.7789,1.4448775
10.66666667,1.46035E-09,3.66315E-09,3.66315,1.460345
10.68333333,1.47581E-09,3.69082E-09,3.69082,1.4758125
10.7,1.49128E-09,3.91231E-09,3.91231,1.49128
10.71666667,1.49828E-09,3.83126E-09,3.83126,1.498280833
10.73333333,1.50528E-09,3.95026E-09,3.95026,1.505281667
10.75,1.51228E-09,3.92096E-09,3.92096,1.5122825
10.76666667,1.51928E-09,3.88685E-09,3.88685,1.519283333
10.78333333,1.52628E-09,3.99297E-09,3.99297,1.526284167
10.8,1.53329E-09,3.86415E-09,3.86415,1.533285
10.81666667,1.54029E-09,4.01874E-09,4.01874,1.540285833
10.83333333,1.54729E-09,4.02087E-09,4.02087,1.547286667
10.85,1.55429E-09,3.91424E-09,3.91424,1.5542875
10.86666667,1.56129E-09,3.99716E-09,3.99716,1.561288333
10.88333333,1.56829E-09,3.93419E-09,3.93419,1.568289167
10.9,1.57529E-09,3.9622E-09,3.9622,1.57529
10.91666667,1.58292E-09,3.98912E-09,3.98912,1.5829225
10.93333333,1.59056E-09,4.06159E-09,4.06159,1.590555
10.95,1.59819E-09,4.0499E-09,4.0499,1.5981875
10.96666667,1.60582E-09,4.17713E-09,4.17713,1.60582
10.98333333,1.61345E-09,4.06799E-09,4.06799,1.6134525
11,1.62109E-09,4.11577E-09,4.11577,1.621085
11.01666667,1.62872E-09,4.1097E-09,4.1097,1.6287175
11.03333333,1.63635E-09,4.1948E-09,4.1948,1.63635
11.05,1.64398E-09,4.25394E-09,4.25394,1.6439825
11.06666667,1.65162E-09,4.23223E-09,4.23223,1.651615
11.08333333,1.65925E-09,4.31998E-09,4.31998,1.6592475
11.1,1.66688E-09,4.35222E-09,4.35222,1.66688
11.11666667,1.6868E-09,4.31057E-09,4.31057,1.6868025
11.13333333,1.70673E-09,4.37939E-09,4.37939,1.706725
11.15,1.72665E-09,4.32776E-09,4.32776,1.7266475
11.16666667,1.74657E-09,4.40032E-09,4.40032,1.74657
11.18333333,1.76649E-09,4.53275E-09,4.53275,1.7664925
11.2,1.78642E-09,4.537E-09,4.537,1.786415
11.21666667,1.80634E-09,4.52343E-09,4.52343,1.8063375
11.23333333,1.82626E-09,4.71712E-09,4.71712,1.82626
11.25,1.84618E-09,4.71294E-09,4.71294,1.8461825
11.26666667,1.86611E-09,4.87761E-09,4.87761,1.866105
11.28333333,1.88603E-09,4.89622E-09,4.89622,1.8860275
11.3,1.90595E-09,4.82589E-09,4.82589,1.90595
11.31666667,1.92728E-09,4.94639E-09,4.94639,1.927285
11.33333333,1.94862E-09,4.91593E-09,4.91593,1.94862
11.35,1.96995E-09,4.96198E-09,4.96198,1.969955
11.36666667,1.99129E-09,5.08578E-09,5.08578,1.99129
11.38333333,2.01262E-09,5.28431E-09,5.28431,2.012625
11.4,2.03396E-09,5.1446E-09,5.1446,2.03396
11.41666667,2.0553E-09,5.24429E-09,5.24429,2.055295
11.43333333,2.07663E-09,5.2509E-09,5.2509,2.07663
11.45,2.09797E-09,5.47139E-09,5.47139,2.097965
11.46666667,2.1193E-09,5.3798E-09,5.3798,2.1193
11.48333333,2.14064E-09,5.38735E-09,5.38735,2.140635
11.5,2.16197E-09,5.6183E-09,5.6183,2.16197
11.51666667,2.2024E-09,5.59134E-09,5.59134,2.2023975
11.53333333,2.24282E-09,5.76398E-09,5.76398,2.242825
11.55,2.28325E-09,5.82848E-09,5.82848,2.2832525
11.56666667,2.32368E-09,6.07287E-09,6.07287,2.32368
11.58333333,2.36411E-09,6.01246E-09,6.01246,2.3641075
11.6,2.40453E-09,6.07424E-09,6.07424,2.404535
11.61666667,2.44496E-09,6.39441E-09,6.39441,2.4449625
11.63333333,2.48539E-09,6.28226E-09,6.28226,2.48539
11.65,2.52582E-09,6.42719E-09,6.42719,2.5258175
11.66666667,2.56625E-09,6.74284E-09,6.74284,2.566245
11.68333333,2.60667E-09,6.56736E-09,6.56736,2.6066725
11.7,2.6471E-09,6.68167E-09,6.68167,2.6471
11.71666667,2.67931E-09,6.89216E-09,6.89216,2.6793075
11.73333333,2.71152E-09,7.05086E-09,7.05086,2.711515
11.75,2.74372E-09,6.93869E-09,6.93869,2.7437225
11.76666667,2.77593E-09,7.08843E-09,7.08843,2.77593
11.78333333,2.80814E-09,7.11848E-09,7.11848,2.8081375
11.8,2.84035E-09,7.18111E-09,7.18111,2.840345
11.81666667,2.87255E-09,7.42834E-09,7.42834,2.8725525
11.83333333,2.90476E-09,7.54438E-09,7.54438,2.90476
11.85,2.93697E-09,7.5648E-09,7.5648,2.9369675
11.86666667,2.96917E-09,7.55157E-09,7.55157,2.969175
11.88333333,3.00138E-09,7.61764E-09,7.61764,3.0013825
11.9,3.03359E-09,7.70134E-09,7.70134,3.03359
11.91666667,3.05866E-09,7.71727E-09,7.71727,3.058663333
11.93333333,3.08374E-09,7.88173E-09,7.88173,3.083736667
11.95,3.10881E-09,7.77429E-09,7.77429,3.10881
11.96666667,3.13388E-09,7.99433E-09,7.99433,3.133883333
11.98333333,3.15896E-09,7.91835E-09,7.91835,3.158956667
12,3.18403E-09,8.06697E-09,8.06697,3.18403
12.01666667,3.2091E-09,8.41993E-09,8.41993,3.209103333
12.03333333,3.23418E-09,8.29115E-09,8.29115,3.234176667
12.05,3.25925E-09,8.29365E-09,8.29365,3.25925
12.06666667,3.28432E-09,8.63419E-09,8.63419,3.284323333
12.08333333,3.3094E-09,8.50363E-09,8.50363,3.309396667
12.1,3.33447E-09,8.5301E-09,8.5301,3.33447
12.11666667,3.37416E-09,8.85289E-09,8.85289,3.374158333
12.13333333,3.41385E-09,8.69182E-09,8.69182,3.413846667
12.15,3.45353E-09,8.73113E-09,8.73113,3.453535
12.16666667,3.49322E-09,8.87569E-09,8.87569,3.493223333
12.18333333,3.53291E-09,9.27488E-09,9.27488,3.532911667
12.2,3.5726E-09,9.11595E-09,9.11595,3.5726
12.21666667,3.61229E-09,9.08582E-09,9.08582,3.612288333
12.23333333,3.65198E-09,9.22749E-09,9.22749,3.651976667
12.25,3.69166E-09,9.56147E-09,9.56147,3.691665
12.26666667,3.73135E-09,9.33439E-09,9.33439,3.731353333
12.28333333,3.77104E-09,9.79672E-09,9.79672,3.771041667
12.3,3.81073E-09,9.72816E-09,9.72816,3.81073
12.31666667,3.84348E-09,1.00578E-08,10.0578,3.8434775
12.33333333,3.87622E-09,9.97617E-09,9.97617,3.876225
12.35,3.90897E-09,9.99587E-09,9.99587,3.9089725
12.36666667,3.94172E-09,1.02672E-08,10.2672,3.94172
12.38333333,3.97447E-09,1.0169E-08,10.169,3.9744675
12.4,4.00721E-09,1.02798E-08,10.2798,4.007215
12.41666667,4.03996E-09,1.0516E-08,10.516,4.0399625
12.43333333,4.07271E-09,1.06955E-08,10.6955,4.07271
12.45,4.10546E-09,1.03929E-08,10.3929,4.1054575
12.46666667,4.1382E-09,1.07874E-08,10.7874,4.138205
12.48333333,4.17095E-09,1.07863E-08,10.7863,4.1709525
12.5,4.2037E-09,1.06138E-08,10.6138,4.2037
12.51666667,4.23396E-09,1.09532E-08,10.9532,4.233963333
12.53333333,4.26423E-09,1.08599E-08,10.8599,4.264226667
12.55,4.29449E-09,1.07999E-08,10.7999,4.29449
12.56666667,4.32475E-09,1.09379E-08,10.9379,4.324753333
12.58333333,4.35502E-09,1.12291E-08,11.2291,4.355016667
12.6,4.38528E-09,1.12914E-08,11.2914,4.38528
12.61666667,4.41554E-09,1.14586E-08,11.4586,4.415543333
12.63333333,4.44581E-09,1.12654E-08,11.2654,4.445806667
12.65,4.47607E-09,1.15877E-08,11.5877,4.47607
12.66666667,4.50633E-09,1.18074E-08,11.8074,4.506333333
12.68333333,4.5366E-09,1.14034E-08,11.4034,4.536596667
12.7,4.56686E-09,1.15595E-08,11.5595,4.56686
12.71666667,4.60267E-09,1.15545E-08,11.5545,4.602666667
12.73333333,4.63847E-09,1.21426E-08,12.1426,4.638473333
12.75,4.67428E-09,1.22144E-08,12.2144,4.67428
12.76666667,4.71009E-09,1.2379E-08,12.379,4.710086667
12.78333333,4.74589E-09,1.23532E-08,12.3532,4.745893333
12.8,4.7817E-09,1.21379E-08,12.1379,4.7817
12.81666667,4.81751E-09,1.2518E-08,12.518,4.817506667
12.83333333,4.85331E-09,1.22627E-08,12.2627,4.853313333
12.85,4.88912E-09,1.26072E-08,12.6072,4.88912
12.86666667,4.92493E-09,1.26293E-08,12.6293,4.924926667
12.88333333,4.96073E-09,1.2513E-08,12.513,4.960733333
12.9,4.99654E-09,1.25108E-08,12.5108,4.99654
12.91666667,5.02154E-09,1.27273E-08,12.7273,5.021539167
12.93333333,5.04654E-09,1.2823E-08,12.823,5.046538333
12.95,5.07154E-09,1.28227E-08,12.8227,5.0715375
12.96666667,5.09654E-09,1.30445E-08,13.0445,5.096536667
12.98333333,5.12154E-09,1.31389E-08,13.1389,5.121535833
13,5.14653E-09,1.31132E-08,13.1132,5.146535
13.01666667,5.17153E-09,1.33823E-08,13.3823,5.171534167
13.03333333,5.19653E-09,1.34497E-08,13.4497,5.196533333
13.05,5.22153E-09,1.32237E-08,13.2237,5.2215325
13.06666667,5.24653E-09,1.35316E-08,13.5316,5.246531667
13.08333333,5.27153E-09,1.36907E-08,13.6907,5.271530833
13.1,5.29653E-09,1.38837E-08,13.8837,5.29653
13.11666667,5.33947E-09,1.40334E-08,14.0334,5.339475
13.13333333,5.38242E-09,1.39463E-08,13.9463,5.38242
13.15,5.42536E-09,1.38607E-08,13.8607,5.425365
13.16666667,5.46831E-09,1.37912E-08,13.7912,5.46831
13.18333333,5.51125E-09,1.39689E-08,13.9689,5.511255
13.2,5.5542E-09,1.39564E-08,13.9564,5.5542
13.21666667,5.59714E-09,1.40543E-08,14.0543,5.597145
13.23333333,5.64009E-09,1.44503E-08,14.4503,5.64009
13.25,5.68303E-09,1.49364E-08,14.9364,5.683035
13.26666667,5.72598E-09,1.43818E-08,14.3818,5.72598
13.28333333,5.76892E-09,1.47641E-08,14.7641,5.768925
13.3,5.81187E-09,1.46984E-08,14.6984,5.81187
13.31666667,5.85426E-09,1.49913E-08,14.9913,5.85426
13.33333333,5.89665E-09,1.52386E-08,15.2386,5.89665
13.35,5.93904E-09,1.52575E-08,15.2575,5.93904
13.36666667,5.98143E-09,1.50543E-08,15.0543,5.98143
13.38333333,6.02382E-09,1.52218E-08,15.2218,6.02382
13.4,6.06621E-09,1.53485E-08,15.3485,6.06621
13.41666667,6.1086E-09,1.60211E-08,16.0211,6.1086
13.43333333,6.15099E-09,1.60926E-08,16.0926,6.15099
13.45,6.19338E-09,1.55508E-08,15.5508,6.19338
13.46666667,6.23577E-09,1.62728E-08,16.2728,6.23577
13.48333333,6.27816E-09,1.64336E-08,16.4336,6.27816
13.5,6.32055E-09,1.5821E-08,15.821,6.32055
13.51666667,6.37417E-09,1.59629E-08,15.9629,6.374165833
13.53333333,6.42778E-09,1.63963E-08,16.3963,6.427781667
13.55,6.4814E-09,1.63788E-08,16.3788,6.4813975
13.56666667,6.53501E-09,1.70194E-08,17.0194,6.535013333
13.58333333,6.58863E-09,1.69615E-08,16.9615,6.588629167
13.6,6.64224E-09,1.66252E-08,16.6252,6.642245
13.61666667,6.69586E-09,1.74245E-08,17.4245,6.695860833
13.63333333,6.74948E-09,1.68878E-08,16.8878,6.749476667
13.65,6.80309E-09,1.73606E-08,17.3606,6.8030925
13.66666667,6.85671E-09,1.71658E-08,17.1658,6.856708333
13.68333333,6.91032E-09,1.81796E-08,18.1796,6.910324167
13.7,6.96394E-09,1.83131E-08,18.3131,6.96394
13.71666667,7.01622E-09,1.78989E-08,17.8989,7.016221667
13.73333333,7.0685E-09,1.81241E-08,18.1241,7.068503333
13.75,7.12078E-09,1.79816E-08,17.9816,7.120785
13.76666667,7.17307E-09,1.8707E-08,18.707,7.173066667
13.78333333,7.22535E-09,1.81297E-08,18.1297,7.225348333
13.8,7.27763E-09,1.90656E-08,19.0656,7.27763
13.81666667,7.32991E-09,1.9096E-08,19.096,7.329911667
13.83333333,7.38219E-09,1.89412E-08,18.9412,7.382193333
13.85,7.43447E-09,1.8627E-08,18.627,7.434475
13.86666667,7.48676E-09,1.91236E-08,19.1236,7.486756667
13.88333333,7.53904E-09,1.96548E-08,19.6548,7.539038333
13.9,7.59132E-09,1.96315E-08,19.6315,7.59132
13.91666667,7.6575E-09,1.96826E-08,19.6826,7.657498333
13.93333333,7.72368E-09,1.94177E-08,19.4177,7.723676667
13.95,7.78985E-09,2.01804E-08,20.1804,7.789855
13.96666667,7.85603E-09,1.98054E-08,19.8054,7.856033333
13.98333333,7.92221E-09,1.98368E-08,19.8368,7.922211667
14,7.98839E-09,2.08462E-08,20.8462,7.98839
14.01666667,8.05457E-09,2.10194E-08,21.0194,8.054568333
14.03333333,8.12075E-09,2.12312E-08,21.2312,8.120746667
14.05,8.18692E-09,2.05855E-08,20.5855,8.186925
14.06666667,8.2531E-09,2.10879E-08,21.0879,8.253103333
14.08333333,8.31928E-09,2.09961E-08,20.9961,8.319281667
14.1,8.38546E-09,2.12657E-08,21.2657,8.38546
14.11666667,8.44743E-09,2.18228E-08,21.8228,8.4474325
14.13333333,8.5094E-09,2.20982E-08,22.0982,8.509405
14.15,8.57138E-09,2.15268E-08,21.5268,8.5713775
14.16666667,8.63335E-09,2.20482E-08,22.0482,8.63335
14.18333333,8.69532E-09,2.21307E-08,22.1307,8.6953225
14.2,8.75729E-09,2.27779E-08,22.7779,8.757295
14.21666667,8.81927E-09,2.2137E-08,22.137,8.8192675
14.23333333,8.88124E-09,2.24385E-08,22.4385,8.88124
14.25,8.94321E-09,2.25519E-08,22.5519,8.9432125
14.26666667,9.00518E-09,2.30745E-08,23.0745,9.005185
14.28333333,9.06716E-09,2.34552E-08,23.4552,9.0671575
14.3,9.12913E-09,2.34335E-08,23.4335,9.12913
14.31666667,9.3358E-09,2.38808E-08,23.8808,9.3358025
14.33333333,9.54247E-09,2.473E-08,24.73,9.542475
14.35,9.74915E-09,2.47875E-08,24.7875,9.7491475
14.36666667,9.95582E-09,2.55953E-08,25.5953,9.95582
14.38333333,1.01625E-08,2.56481E-08,25.6481,10.1624925
14.4,1.03692E-08,2.71736E-08,27.1736,10.369165
14.41666667,1.05758E-08,2.71257E-08,27.1257,10.5758375
14.43333333,1.07825E-08,2.75138E-08,27.5138,10.78251
14.45,1.09892E-08,2.81054E-08,28.1054,10.9891825
14.46666667,1.11959E-08,2.85333E-08,28.5333,11.195855
14.48333333,1.14025E-08,2.95876E-08,29.5876,11.4025275
14.5,1.16092E-08,2.93556E-08,29.3556,11.6092
14.51666667,1.16393E-08,3.03751E-08,30.3751,11.63925
14.53333333,1.16693E-08,3.03476E-08,30.3476,11.6693
14.55,1.16994E-08,2.98887E-08,29.8887,11.69935
14.56666667,1.17294E-08,2.99904E-08,29.9904,11.7294
14.58333333,1.17595E-08,2.99899E-08,29.9899,11.75945
14.6,1.17895E-08,3.08041E-08,30.8041,11.7895
14.61666667,1.18196E-08,3.05969E-08,30.5969,11.81955
14.63333333,1.18496E-08,3.02395E-08,30.2395,11.8496
14.65,1.18797E-08,2.98738E-08,29.8738,11.87965
14.66666667,1.19097E-08,3.10551E-08,31.0551,11.9097
14.68333333,1.19398E-08,3.01398E-08,30.1398,11.93975
14.7,1.19698E-08,3.01267E-08,30.1267,11.9698
14.71666667,1.19999E-08,3.07745E-08,30.7745,11.99985
14.73333333,1.20299E-08,3.01005E-08,30.1005,12.0299
14.75,1.206E-08,3.07407E-08,30.7407,12.05995
14.76666667,1.209E-08,3.0475E-08,30.475,12.09
14.78333333,1.21201E-08,3.07356E-08,30.7356,12.12005
14.8,1.21501E-08,3.11648E-08,31.1648,12.1501
14.81666667,1.2184E-08,3.09437E-08,30.9437,12.18396667
14.83333333,1.22178E-08,3.09773E-08,30.9773,12.21783333
14.85,1.22517E-08,3.07377E-08,30.7377,12.2517
14.86666667,1.22856E-08,3.11174E-08,31.1174,12.28556667
14.88333333,1.23194E-08,3.12701E-08,31.2701,12.31943333
14.9,1.23533E-08,3.1845E-08,31.845,12.3533
14.91666667,1.23652E-08,3.22586E-08,32.2586,12.36516667
14.93333333,1.2377E-08,3.11396E-08,31.1396,12.37703333
14.95,1.23889E-08,3.21365E-08,32.1365,12.3889
14.96666667,1.24008E-08,3.1527E-08,31.527,12.40076667
14.98333333,1.24126E-08,3.12154E-08,31.2154,12.41263333
15,1.24245E-08,3.11036E-08,31.1036,12.4245
15.01666667,1.2436E-08,3.18369E-08,31.8369,12.43603333
15.03333333,1.24476E-08,3.27342E-08,32.7342,12.44756667
15.05,1.24591E-08,3.26861E-08,32.6861,12.4591
15.06666667,1.24706E-08,3.22421E-08,32.2421,12.47063333
15.08333333,1.24822E-08,3.27561E-08,32.7561,12.48216667
15.1,1.24937E-08,3.21107E-08,32.1107,12.4937
15.11666667,1.24942E-08,3.20578E-08,32.0578,12.49415
15.13333333,1.24946E-08,3.19168E-08,31.9168,12.4946
15.15,1.24951E-08,3.13138E-08,31.3138,12.49505
15.16666667,1.24955E-08,3.18879E-08,31.8879,12.4955
15.18333333,1.2496E-08,3.28224E-08,32.8224,12.49595
15.2,1.24964E-08,3.18922E-08,31.8922,12.4964
15.21666667,1.24969E-08,3.17458E-08,31.7458,12.49685
15.23333333,1.24973E-08,3.24549E-08,32.4549,12.4973
15.25,1.24978E-08,3.25895E-08,32.5895,12.49775
15.26666667,1.24982E-08,3.15495E-08,31.5495,12.4982
15.28333333,1.24987E-08,3.24175E-08,32.4175,12.49865
15.3,1.24991E-08,3.16939E-08,31.6939,12.4991
15.31666667,1.25057E-08,3.19665E-08,31.9665,12.5057
15.33333333,1.25123E-08,3.13203E-08,31.3203,12.5123
15.35,1.25189E-08,3.15689E-08,31.5689,12.5189
15.36666667,1.25255E-08,3.24107E-08,32.4107,12.5255
15.38333333,1.25321E-08,3.28422E-08,32.8422,12.5321
15.4,1.25387E-08,3.15127E-08,31.5127,12.5387
15.41666667,1.25441E-08,3.23859E-08,32.3859,12.5441
15.43333333,1.25495E-08,3.14275E-08,31.4275,12.5495
15.45,1.25549E-08,3.26344E-08,32.6344,12.5549
15.46666667,1.25603E-08,3.21002E-08,32.1002,12.5603
15.48333333,1.25657E-08,3.1729E-08,31.729,12.5657
15.5,1.25711E-08,3.2422E-08,32.422,12.5711
15.51666667,1.25758E-08,3.17695E-08,31.7695,12.57583333
15.53333333,1.25806E-08,3.27203E-08,32.7203,12.58056667
15.55,1.25853E-08,3.18926E-08,31.8926,12.5853
15.56666667,1.259E-08,3.24619E-08,32.4619,12.59003333
15.58333333,1.25948E-08,3.24569E-08,32.4569,12.59476667
15.6,1.25995E-08,3.24064E-08,32.4064,12.5995
15.61666667,1.25961E-08,3.29585E-08,32.9585,12.59613333
15.63333333,1.25928E-08,3.19959E-08,31.9959,12.59276667
15.65,1.25894E-08,3.24724E-08,32.4724,12.5894
15.66666667,1.2586E-08,3.15525E-08,31.5525,12.58603333
15.68333333,1.25827E-08,3.19915E-08,31.9915,12.58266667
15.7,1.25793E-08,3.22587E-08,32.2587,12.5793
15.71666667,1.25808E-08,3.24041E-08,32.4041,12.58080833
15.73333333,1.25823E-08,3.2101E-08,32.101,12.58231667
15.75,1.25838E-08,3.267E-08,32.67,12.583825
15.76666667,1.25853E-08,3.20353E-08,32.0353,12.58533333
15.78333333,1.25868E-08,3.18307E-08,31.8307,12.58684167
15.8,1.25884E-08,3.30991E-08,33.0991,12.58835
15.81666667,1.25899E-08,3.21425E-08,32.1425,12.58985833
15.83333333,1.25914E-08,3.21072E-08,32.1072,12.59136667
15.85,1.25929E-08,3.24181E-08,32.4181,12.592875
15.86666667,1.25944E-08,3.24324E-08,32.4324,12.59438333
15.88333333,1.25959E-08,3.19373E-08,31.9373,12.59589167
15.9,1.25974E-08,3.24139E-08,32.4139,12.5974
15.91666667,1.25932E-08,3.18463E-08,31.8463,12.59316667
15.93333333,1.25889E-08,3.20175E-08,32.0175,12.58893333
15.95,1.25847E-08,3.17957E-08,31.7957,12.5847
15.96666667,1.25805E-08,3.14942E-08,31.4942,12.58046667
15.98333333,1.25762E-08,3.23587E-08,32.3587,12.57623333
16,1.2572E-08,3.29058E-08,32.9058,12.572
16.01666667,1.25682E-08,3.17879E-08,31.7879,12.56818333
16.03333333,1.25644E-08,3.19795E-08,31.9795,12.56436667
16.05,1.25606E-08,3.16974E-08,31.6974,12.56055
16.06666667,1.25567E-08,3.21561E-08,32.1561,12.55673333
16.08333333,1.25529E-08,3.19523E-08,31.9523,12.55291667
16.1,1.25491E-08,3.1518E-08,31.518,12.5491
16.11666667,1.25463E-08,3.18576E-08,31.8576,12.54626667
16.13333333,1.25434E-08,3.21145E-08,32.1145,12.54343333
16.15,1.25406E-08,3.21544E-08,32.1544,12.5406
16.16666667,1.25378E-08,3.13807E-08,31.3807,12.53776667
16.18333333,1.25349E-08,3.21332E-08,32.1332,12.53493333
16.2,1.25321E-08,3.17758E-08,31.7758,12.5321
16.21666667,1.25264E-08,3.21906E-08,32.1906,12.52641667
16.23333333,1.25207E-08,3.16085E-08,31.6085,12.52073333
16.25,1.25151E-08,3.20985E-08,32.0985,12.51505
16.26666667,1.25094E-08,3.15988E-08,31.5988,12.50936667
16.28333333,1.25037E-08,3.19597E-08,31.9597,12.50368333
16.3,1.2498E-08,3.23886E-08,32.3886,12.498
16.31666667,1.24932E-08,3.28793E-08,32.8793,12.49323333
16.33333333,1.24885E-08,3.2119E-08,32.119,12.48846667
16.35,1.24837E-08,3.28439E-08,32.8439,12.4837
16.36666667,1.24789E-08,3.21899E-08,32.1899,12.47893333
16.38333333,1.24742E-08,3.25525E-08,32.5525,12.47416667
16.4,1.24694E-08,3.12778E-08,31.2778,12.4694
16.41666667,1.24646E-08,3.19523E-08,31.9523,12.46463333
16.43333333,1.24599E-08,3.12901E-08,31.2901,12.45986667
16.45,1.24551E-08,3.12877E-08,31.2877,12.4551
16.46666667,1.24503E-08,3.21391E-08,32.1391,12.45033333
16.48333333,1.24456E-08,3.17066E-08,31.7066,12.44556667
16.5,1.24408E-08,3.203E-08,32.03,12.4408
16.51666667,1.24363E-08,3.15644E-08,31.5644,12.43631667
16.53333333,1.24318E-08,3.24649E-08,32.4649,12.43183333
16.55,1.24274E-08,3.21509E-08,32.1509,12.42735
16.56666667,1.24229E-08,3.21629E-08,32.1629,12.42286667
16.58333333,1.24184E-08,3.24985E-08,32.4985,12.41838333
16.6,1.24139E-08,3.17732E-08,31.7732,12.4139
16.61666667,1.24104E-08,3.23893E-08,32.3893,12.41036667
16.63333333,1.24068E-08,3.23132E-08,32.3132,12.40683333
16.65,1.24033E-08,3.18081E-08,31.8081,12.4033
16.66666667,1.23998E-08,3.13362E-08,31.3362,12.39976667
16.68333333,1.23962E-08,3.15011E-08,31.5011,12.39623333
16.7,1.23927E-08,3.1428E-08,31.428,12.3927
16.71666667,1.23888E-08,3.20052E-08,32.0052,12.38881667
16.73333333,1.23849E-08,3.20548E-08,32.0548,12.38493333
16.75,1.23811E-08,3.13414E-08,31.3414,12.38105
16.76666667,1.23772E-08,3.24532E-08,32.4532,12.37716667
16.78333333,1.23733E-08,3.17691E-08,31.7691,12.37328333
16.8,1.23694E-08,3.18068E-08,31.8068,12.3694
16.81666667,1.23602E-08,3.1684E-08,31.684,12.36023333
16.83333333,1.23511E-08,3.1058E-08,31.058,12.35106667
16.85,1.23419E-08,3.15628E-08,31.5628,12.3419
16.86666667,1.23327E-08,3.13479E-08,31.3479,12.33273333
16.88333333,1.23236E-08,3.14353E-08,31.4353,12.32356667
16.9,1.23144E-08,3.12086E-08,31.2086,12.3144
16.91666667,1.23098E-08,3.17212E-08,31.7212,12.30975833
16.93333333,1.23051E-08,3.21992E-08,32.1992,12.30511667
16.95,1.23005E-08,3.22048E-08,32.2048,12.300475
16.96666667,1.22958E-08,3.17167E-08,31.7167,12.29583333
16.98333333,1.22912E-08,3.12248E-08,31.2248,12.29119167
17,1.22866E-08,3.18672E-08,31.8672,12.28655
17.01666667,1.22819E-08,3.17111E-08,31.7111,12.28190833
17.03333333,1.22773E-08,3.0904E-08,30.904,12.27726667
17.05,1.22726E-08,3.14222E-08,31.4222,12.272625
17.06666667,1.2268E-08,3.14622E-08,31.4622,12.26798333
17.08333333,1.22633E-08,3.18735E-08,31.8735,12.26334167
17.1,1.22587E-08,3.09285E-08,30.9285,12.2587
17.11666667,1.22618E-08,3.16342E-08,31.6342,12.2618
17.13333333,1.22649E-08,3.09415E-08,30.9415,12.2649
17.15,1.2268E-08,3.1048E-08,31.048,12.268
17.16666667,1.22711E-08,3.13834E-08,31.3834,12.2711
17.18333333,1.22742E-08,3.10064E-08,31.0064,12.2742
17.2,1.22773E-08,3.20383E-08,32.0383,12.2773
17.21666667,1.22722E-08,3.22415E-08,32.2415,12.2722
17.23333333,1.22671E-08,3.15285E-08,31.5285,12.2671
17.25,1.2262E-08,3.22461E-08,32.2461,12.262
17.26666667,1.22569E-08,3.13187E-08,31.3187,12.2569
17.28333333,1.22518E-08,3.19581E-08,31.9581,12.2518
17.3,1.22467E-08,3.19334E-08,31.9334,12.2467
17.31666667,1.2244E-08,3.14448E-08,31.4448,12.24396667
17.33333333,1.22412E-08,3.08762E-08,30.8762,12.24123333
17.35,1.22385E-08,3.14558E-08,31.4558,12.2385
17.36666667,1.22358E-08,3.15638E-08,31.5638,12.23576667
17.38333333,1.2233E-08,3.2074E-08,32.074,12.23303333
17.4,1.22303E-08,3.10567E-08,31.0567,12.2303
17.41666667,1.22219E-08,3.10648E-08,31.0648,12.22188333
17.43333333,1.22135E-08,3.15464E-08,31.5464,12.21346667
17.45,1.22051E-08,3.11063E-08,31.1063,12.20505
17.46666667,1.21966E-08,3.18787E-08,31.8787,12.19663333
17.48333333,1.21882E-08,3.07648E-08,30.7648,12.18821667
17.5,1.21798E-08,3.17319E-08,31.7319,12.1798
17.51666667,1.21787E-08,3.17598E-08,31.7598,12.17865
17.53333333,1.21775E-08,3.1121E-08,31.121,12.1775
17.55,1.21764E-08,3.17917E-08,31.7917,12.17635
17.56666667,1.21752E-08,3.08392E-08,30.8392,12.1752
17.58333333,1.21741E-08,3.13978E-08,31.3978,12.17405
17.6,1.21729E-08,3.14406E-08,31.4406,12.1729
17.61666667,1.21718E-08,3.16353E-08,31.6353,12.17175
17.63333333,1.21706E-08,3.0661E-08,30.661,12.1706
17.65,1.21695E-08,3.14955E-08,31.4955,12.16945
17.66666667,1.21683E-08,3.12648E-08,31.2648,12.1683
17.68333333,1.21672E-08,3.10812E-08,31.0812,12.16715
17.7,1.2166E-08,3.14644E-08,31.4644,12.166
17.71666667,1.21673E-08,3.06912E-08,30.6912,12.16733333
17.73333333,1.21687E-08,3.13189E-08,31.3189,12.16866667
17.75,1.217E-08,3.10479E-08,31.0479,12.17
17.76666667,1.21713E-08,3.10256E-08,31.0256,12.17133333
17.78333333,1.21727E-08,3.13101E-08,31.3101,12.17266667
17.8,1.2174E-08,3.10058E-08,31.0058,12.174
17.81666667,1.21781E-08,3.1348E-08,31.348,12.17806667
17.83333333,1.21821E-08,3.17475E-08,31.7475,12.18213333
17.85,1.21862E-08,3.14596E-08,31.4596,12.1862
17.86666667,1.21903E-08,3.15666E-08,31.5666,12.19026667
17.88333333,1.21943E-08,3.16791E-08,31.6791,12.19433333
17.9,1.21984E-08,3.15515E-08,31.5515,12.1984
17.91666667,1.22018E-08,3.09136E-08,30.9136,12.2018
17.93333333,1.22052E-08,3.06618E-08,30.6618,12.2052
17.95,1.22086E-08,3.05997E-08,30.5997,12.2086
17.96666667,1.2212E-08,3.06742E-08,30.6742,12.212
17.98333333,1.22154E-08,3.18222E-08,31.8222,12.2154
18,1.22188E-08,3.20075E-08,32.0075,12.2188
18.01666667,1.22194E-08,3.10757E-08,31.0757,12.2194
18.03333333,1.222E-08,3.12272E-08,31.2272,12.22
18.05,1.22206E-08,3.16254E-08,31.6254,12.2206
18.06666667,1.22212E-08,3.21014E-08,32.1014,12.2212
18.08333333,1.22218E-08,3.06656E-08,30.6656,12.2218
18.1,1.22224E-08,3.10326E-08,31.0326,12.2224
18.11666667,1.22235E-08,3.19096E-08,31.9096,12.22345833
18.13333333,1.22245E-08,3.18506E-08,31.8506,12.22451667
18.15,1.22256E-08,3.14118E-08,31.4118,12.225575
18.16666667,1.22266E-08,3.09554E-08,30.9554,12.22663333
18.18333333,1.22277E-08,3.05817E-08,30.5817,12.22769167
18.2,1.22288E-08,3.06494E-08,30.6494,12.22875
18.21666667,1.22298E-08,3.17585E-08,31.7585,12.22980833
18.23333333,1.22309E-08,3.17626E-08,31.7626,12.23086667
18.25,1.22319E-08,3.17191E-08,31.7191,12.231925
18.26666667,1.2233E-08,3.06881E-08,30.6881,12.23298333
18.28333333,1.2234E-08,3.17157E-08,31.7157,12.23404167
18.3,1.22351E-08,3.20931E-08,32.0931,12.2351
18.31666667,1.22362E-08,3.14427E-08,31.4427,12.23618333
18.33333333,1.22373E-08,3.07702E-08,30.7702,12.23726667
18.35,1.22384E-08,3.10844E-08,31.0844,12.23835
18.36666667,1.22394E-08,3.21234E-08,32.1234,12.23943333
18.38333333,1.22405E-08,3.11787E-08,31.1787,12.24051667
18.4,1.22416E-08,3.06624E-08,30.6624,12.2416
18.41666667,1.22421E-08,3.20061E-08,32.0061,12.24205
18.43333333,1.22425E-08,3.16573E-08,31.6573,12.2425
18.45,1.2243E-08,3.12628E-08,31.2628,12.24295
18.46666667,1.22434E-08,3.11389E-08,31.1389,12.2434
18.48333333,1.22439E-08,3.1083E-08,31.083,12.24385
18.5,1.22443E-08,3.0626E-08,30.626,12.2443
18.51666667,1.22578E-08,3.10186E-08,31.0186,12.25775
18.53333333,1.22712E-08,3.10918E-08,31.0918,12.2712
18.55,1.22847E-08,3.13938E-08,31.3938,12.28465
18.56666667,1.22981E-08,3.08669E-08,30.8669,12.2981
18.58333333,1.23116E-08,3.16226E-08,31.6226,12.31155
18.6,1.2325E-08,3.1097E-08,31.097,12.325
18.61666667,1.23413E-08,3.18951E-08,31.8951,12.34128333
18.63333333,1.23576E-08,3.23383E-08,32.3383,12.35756667
18.65,1.23739E-08,3.20058E-08,32.0058,12.37385
18.66666667,1.23901E-08,3.11983E-08,31.1983,12.39013333
18.68333333,1.24064E-08,3.2149E-08,32.149,12.40641667
18.7,1.24227E-08,3.17593E-08,31.7593,12.4227
18.71666667,1.24324E-08,3.21482E-08,32.1482,12.43238333
18.73333333,1.24421E-08,3.14809E-08,31.4809,12.44206667
18.75,1.24518E-08,3.18267E-08,31.8267,12.45175
18.76666667,1.24614E-08,3.24744E-08,32.4744,12.46143333
18.78333333,1.24711E-08,3.27757E-08,32.7757,12.47111667
18.8,1.24808E-08,3.26243E-08,32.6243,12.4808
18.81666667,1.24905E-08,3.21372E-08,32.1372,12.49048333
18.83333333,1.25002E-08,3.1509E-08,31.509,12.50016667
18.85,1.25099E-08,3.19414E-08,31.9414,12.50985
18.86666667,1.25195E-08,3.23602E-08,32.3602,12.51953333
18.88333333,1.25292E-08,3.15879E-08,31.5879,12.52921667
18.9,1.25389E-08,3.18139E-08,31.8139,12.5389
18.91666667,1.25502E-08,3.19003E-08,31.9003,12.55016667
18.93333333,1.25614E-08,3.23368E-08,32.3368,12.56143333
18.95,1.25727E-08,3.28276E-08,32.8276,12.5727
18.96666667,1.2584E-08,3.25181E-08,32.5181,12.58396667
18.98333333,1.25952E-08,3.24923E-08,32.4923,12.59523333
19,1.26065E-08,3.31678E-08,33.1678,12.6065
19.01666667,1.26058E-08,3.24263E-08,32.4263,12.60578333
19.03333333,1.26051E-08,3.17297E-08,31.7297,12.60506667
19.05,1.26044E-08,3.23535E-08,32.3535,12.60435
19.06666667,1.26036E-08,3.23525E-08,32.3525,12.60363333
19.08333333,1.26029E-08,3.22082E-08,32.2082,12.60291667
19.1,1.26022E-08,3.23663E-08,32.3663,12.6022
19.11666667,1.26093E-08,3.31055E-08,33.1055,12.6093
19.13333333,1.26164E-08,3.29338E-08,32.9338,12.6164
19.15,1.26235E-08,3.17101E-08,31.7101,12.6235
19.16666667,1.26306E-08,3.2378E-08,32.378,12.6306
19.18333333,1.26377E-08,3.17872E-08,31.7872,12.6377
19.2,1.26448E-08,3.18375E-08,31.8375,12.6448
19.21666667,1.26307E-08,3.2503E-08,32.503,12.6307
19.23333333,1.26166E-08,3.2993E-08,32.993,12.6166
19.25,1.26025E-08,3.18289E-08,31.8289,12.6025
19.26666667,1.25884E-08,3.22475E-08,32.2475,12.5884
19.28333333,1.25743E-08,3.30368E-08,33.0368,12.5743
19.3,1.25602E-08,3.15101E-08,31.5101,12.5602
19.31666667,1.24964E-08,3.14419E-08,31.4419,12.496375
19.33333333,1.24326E-08,3.1561E-08,31.561,12.43255
19.35,1.23687E-08,3.22851E-08,32.2851,12.368725
19.36666667,1.23049E-08,3.12897E-08,31.2897,12.3049
19.38333333,1.22411E-08,3.11654E-08,31.1654,12.241075
19.4,1.21773E-08,3.1268E-08,31.268,12.17725
19.41666667,1.21134E-08,3.11926E-08,31.1926,12.113425
19.43333333,1.20496E-08,3.13931E-08,31.3931,12.0496
19.45,1.19858E-08,3.11233E-08,31.1233,11.985775
19.46666667,1.1922E-08,3.01987E-08,30.1987,11.92195
19.48333333,1.18581E-08,3.07727E-08,30.7727,11.858125
19.5,1.17943E-08,2.95985E-08,29.5985,11.7943
19.51666667,1.17036E-08,3.02104E-08,30.2104,11.7036
19.53333333,1.16129E-08,2.97447E-08,29.7447,11.6129
19.55,1.15222E-08,2.89132E-08,28.9132,11.5222
19.56666667,1.14315E-08,2.99648E-08,29.9648,11.4315
19.58333333,1.13408E-08,2.85156E-08,28.5156,11.3408
19.6,1.12501E-08,2.94863E-08,29.4863,11.2501
19.61666667,1.11893E-08,2.90531E-08,29.0531,11.18928333
19.63333333,1.11285E-08,2.85878E-08,28.5878,11.12846667
19.65,1.10677E-08,2.82999E-08,28.2999,11.06765
19.66666667,1.10068E-08,2.80411E-08,28.0411,11.00683333
19.68333333,1.0946E-08,2.85404E-08,28.5404,10.94601667
19.7,1.08852E-08,2.8214E-08,28.214,10.8852
19.71666667,1.07965E-08,2.71448E-08,27.1448,10.7965
19.73333333,1.07078E-08,2.79899E-08,27.9899,10.7078
19.75,1.06191E-08,2.76685E-08,27.6685,10.6191
19.76666667,1.05304E-08,2.75574E-08,27.5574,10.5304
19.78333333,1.04417E-08,2.63234E-08,26.3234,10.4417
19.8,1.0353E-08,2.68937E-08,26.8937,10.353
19.81666667,1.01257E-08,2.53561E-08,25.3561,10.12572667
19.83333333,9.89845E-09,2.54504E-08,25.4504,9.898453333
19.85,9.67118E-09,2.48687E-08,24.8687,9.67118
19.86666667,9.44391E-09,2.37568E-08,23.7568,9.443906667
19.88333333,9.21663E-09,2.37582E-08,23.7582,9.216633333
19.9,8.98936E-09,2.29452E-08,22.9452,8.98936
19.91666667,8.89935E-09,2.27465E-08,22.7465,8.899348333
19.93333333,8.80934E-09,2.30952E-08,23.0952,8.809336667
19.95,8.71933E-09,2.19725E-08,21.9725,8.719325
19.96666667,8.62931E-09,2.25096E-08,22.5096,8.629313333
19.98333333,8.5393E-09,2.15911E-08,21.5911,8.539301667
20,8.44929E-09,2.19218E-08,21.9218,8.44929
20.01666667,8.35928E-09,2.12756E-08,21.2756,8.359278333
20.03333333,8.26927E-09,2.06824E-08,20.6824,8.269266667
20.05,8.17926E-09,2.07617E-08,20.7617,8.179255
20.06666667,8.08924E-09,2.04019E-08,20.4019,8.089243333
20.08333333,7.99923E-09,2.03385E-08,20.3385,7.999231667
20.1,7.90922E-09,1.98666E-08,19.8666,7.90922
20.11666667,7.81921E-09,2.04718E-08,20.4718,7.819208333
20.13333333,7.7292E-09,1.99461E-08,19.9461,7.729196667
20.15,7.63919E-09,1.93268E-08,19.3268,7.639185
20.16666667,7.54917E-09,1.90735E-08,19.0735,7.549173333
20.18333333,7.45916E-09,1.90537E-08,19.0537,7.459161667
20.2,7.36915E-09,1.90175E-08,19.0175,7.36915
20.21666667,7.30556E-09,1.84234E-08,18.4234,7.30556
20.23333333,7.24197E-09,1.82951E-08,18.2951,7.24197
20.25,7.17838E-09,1.86114E-08,18.6114,7.17838
20.26666667,7.11479E-09,1.78159E-08,17.8159,7.11479
20.28333333,7.0512E-09,1.8244E-08,18.244,7.0512
20.3,6.98761E-09,1.79807E-08,17.9807,6.98761
20.31666667,6.92402E-09,1.76133E-08,17.6133,6.92402
20.33333333,6.86043E-09,1.79621E-08,17.9621,6.86043
20.35,6.79684E-09,1.74693E-08,17.4693,6.79684
20.36666667,6.73325E-09,1.76036E-08,17.6036,6.73325
20.38333333,6.66966E-09,1.69526E-08,16.9526,6.66966
20.4,6.60607E-09,1.69165E-08,16.9165,6.60607
20.41666667,6.53444E-09,1.70008E-08,17.0008,6.534435
20.43333333,6.4628E-09,1.67136E-08,16.7136,6.4628
20.45,6.39117E-09,1.6062E-08,16.062,6.391165
20.46666667,6.31953E-09,1.61164E-08,16.1164,6.31953
20.48333333,6.2479E-09,1.56245E-08,15.6245,6.247895
20.5,6.17626E-09,1.57158E-08,15.7158,6.17626
20.51666667,6.10463E-09,1.60215E-08,16.0215,6.104625
20.53333333,6.03299E-09,1.54522E-08,15.4522,6.03299
20.55,5.96136E-09,1.56019E-08,15.6019,5.961355
20.56666667,5.88972E-09,1.5408E-08,15.408,5.88972
20.58333333,5.81809E-09,1.50132E-08,15.0132,5.818085
20.6,5.74645E-09,1.49297E-08,14.9297,5.74645
20.61666667,5.6994E-09,1.45124E-08,14.5124,5.6993975
20.63333333,5.65235E-09,1.48399E-08,14.8399,5.652345
20.65,5.60529E-09,1.42945E-08,14.2945,5.6052925
20.66666667,5.55824E-09,1.43921E-08,14.3921,5.55824
20.68333333,5.51119E-09,1.40646E-08,14.0646,5.5111875
20.7,5.46414E-09,1.3845E-08,13.845,5.464135
20.71666667,5.41708E-09,1.38867E-08,13.8867,5.4170825
20.73333333,5.37003E-09,1.35467E-08,13.5467,5.37003
20.75,5.32298E-09,1.37181E-08,13.7181,5.3229775
20.76666667,5.27593E-09,1.3855E-08,13.855,5.275925
20.78333333,5.22887E-09,1.34896E-08,13.4896,5.2288725
20.8,5.18182E-09,1.32339E-08,13.2339,5.18182
20.81666667,5.10815E-09,1.31519E-08,13.1519,5.108145
20.83333333,5.03447E-09,1.27632E-08,12.7632,5.03447
20.85,4.9608E-09,1.2864E-08,12.864,4.960795
20.86666667,4.88712E-09,1.2659E-08,12.659,4.88712
20.88333333,4.81345E-09,1.20794E-08,12.0794,4.813445
20.9,4.73977E-09,1.19543E-08,11.9543,4.73977
20.91666667,4.6661E-09,1.19277E-08,11.9277,4.666095
20.93333333,4.59242E-09,1.18012E-08,11.8012,4.59242
20.95,4.51875E-09,1.16973E-08,11.6973,4.518745
20.96666667,4.44507E-09,1.1551E-08,11.551,4.44507
20.98333333,4.3714E-09,1.12601E-08,11.2601,4.371395
21,4.29772E-09,1.12372E-08,11.2372,4.29772
21.01666667,4.25317E-09,1.08132E-08,10.8132,4.25317
21.03333333,4.20862E-09,1.08508E-08,10.8508,4.20862
21.05,4.16407E-09,1.04602E-08,10.4602,4.16407
21.06666667,4.11952E-09,1.06856E-08,10.6856,4.11952
21.08333333,4.07497E-09,1.02633E-08,10.2633,4.07497
21.1,4.03042E-09,1.03599E-08,10.3599,4.03042
21.11666667,3.98587E-09,1.03167E-08,10.3167,3.98587
21.13333333,3.94132E-09,1.01283E-08,10.1283,3.94132
21.15,3.89677E-09,9.92699E-09,9.92699,3.89677
21.16666667,3.85222E-09,9.94372E-09,9.94372,3.85222
21.18333333,3.80767E-09,9.75208E-09,9.75208,3.80767
21.2,3.76312E-09,9.53048E-09,9.53048,3.76312
21.21666667,3.72904E-09,9.50175E-09,9.50175,3.729038333
21.23333333,3.69496E-09,9.33089E-09,9.33089,3.694956667
21.25,3.66088E-09,9.6215E-09,9.6215,3.660875
21.26666667,3.62679E-09,9.25854E-09,9.25854,3.626793333
21.28333333,3.59271E-09,9.22688E-09,9.22688,3.592711667
21.3,3.55863E-09,9.2846E-09,9.2846,3.55863
21.31666667,3.52455E-09,9.15113E-09,9.15113,3.524548333
21.33333333,3.49047E-09,9.16323E-09,9.16323,3.490466667
21.35,3.45639E-09,8.96896E-09,8.96896,3.456385
21.36666667,3.4223E-09,8.84855E-09,8.84855,3.422303333
21.38333333,3.38822E-09,8.54999E-09,8.54999,3.388221667
21.4,3.35414E-09,8.81808E-09,8.81808,3.35414
21.41666667,3.31479E-09,8.60622E-09,8.60622,3.314789167
21.43333333,3.27544E-09,8.47883E-09,8.47883,3.275438333
21.45,3.23609E-09,8.29012E-09,8.29012,3.2360875
21.46666667,3.19674E-09,8.24664E-09,8.24664,3.196736667
21.48333333,3.15739E-09,7.93936E-09,7.93936,3.157385833
21.5,3.11804E-09,8.07765E-09,8.07765,3.118035
21.51666667,3.07868E-09,8.04051E-09,8.04051,3.078684167
21.53333333,3.03933E-09,7.70989E-09,7.70989,3.039333333
21.55,2.99998E-09,7.87987E-09,7.87987,2.9999825
21.56666667,2.96063E-09,7.48869E-09,7.48869,2.960631667
21.58333333,2.92128E-09,7.41297E-09,7.41297,2.921280833
21.6,2.88193E-09,7.29632E-09,7.29632,2.88193
21.61666667,2.84948E-09,7.48826E-09,7.48826,2.849475
21.63333333,2.81702E-09,7.13162E-09,7.13162,2.81702
21.65,2.78457E-09,7.08037E-09,7.08037,2.784565
21.66666667,2.75211E-09,7.02391E-09,7.02391,2.75211
21.68333333,2.71966E-09,6.87509E-09,6.87509,2.719655
21.7,2.6872E-09,6.92983E-09,6.92983,2.6872
21.71666667,2.65475E-09,6.666E-09,6.666,2.654745
21.73333333,2.62229E-09,6.84259E-09,6.84259,2.62229
21.75,2.58984E-09,6.77119E-09,6.77119,2.589835
21.76666667,2.55738E-09,6.66216E-09,6.66216,2.55738
21.78333333,2.52493E-09,6.55444E-09,6.55444,2.524925
21.8,2.49247E-09,6.48282E-09,6.48282,2.49247
21.81666667,2.46281E-09,6.1817E-09,6.1817,2.462809167
21.83333333,2.43315E-09,6.2787E-09,6.2787,2.433148333
21.85,2.40349E-09,6.04336E-09,6.04336,2.4034875
21.86666667,2.37383E-09,5.95913E-09,5.95913,2.373826667
21.88333333,2.34417E-09,6.0396E-09,6.0396,2.344165833
21.9,2.31451E-09,5.87099E-09,5.87099,2.314505
21.91666667,2.28484E-09,5.92961E-09,5.92961,2.284844167
21.93333333,2.25518E-09,5.67348E-09,5.67348,2.255183333
21.95,2.22552E-09,5.59921E-09,5.59921,2.2255225
21.96666667,2.19586E-09,5.52826E-09,5.52826,2.195861667
21.98333333,2.1662E-09,5.67944E-09,5.67944,2.166200833
22,2.13654E-09,5.45621E-09,5.45621,2.13654
22.01666667,2.11478E-09,5.35209E-09,5.35209,2.114779167
22.03333333,2.09302E-09,5.25148E-09,5.25148,2.093018333
22.05,2.07126E-09,5.19254E-09,5.19254,2.0712575
22.06666667,2.0495E-09,5.13623E-09,5.13623,2.049496667
22.08333333,2.02774E-09,5.09057E-09,5.09057,2.027735833
22.1,2.00598E-09,5.20885E-09,5.20885,2.005975
22.11666667,1.98421E-09,5.072E-09,5.072,1.984214167
22.13333333,1.96245E-09,5.12646E-09,5.12646,1.962453333
22.15,1.94069E-09,5.10281E-09,5.10281,1.9406925
22.16666667,1.91893E-09,4.9288E-09,4.9288,1.918931667
22.18333333,1.89717E-09,4.8952E-09,4.8952,1.897170833
22.2,1.87541E-09,4.75156E-09,4.75156,1.87541
22.21666667,1.86687E-09,4.90907E-09,4.90907,1.866869167
22.23333333,1.85833E-09,4.84458E-09,4.84458,1.858328333
22.25,1.84979E-09,4.85001E-09,4.85001,1.8497875
22.26666667,1.84125E-09,4.82054E-09,4.82054,1.841246667
22.28333333,1.83271E-09,4.76696E-09,4.76696,1.832705833
22.3,1.82417E-09,4.57883E-09,4.57883,1.824165
22.31666667,1.81562E-09,4.71965E-09,4.71965,1.815624167
22.33333333,1.80708E-09,4.56789E-09,4.56789,1.807083333
22.35,1.79854E-09,4.56986E-09,4.56986,1.7985425
22.36666667,1.79E-09,4.69434E-09,4.69434,1.790001667
22.38333333,1.78146E-09,4.61845E-09,4.61845,1.781460833
22.4,1.77292E-09,4.60305E-09,4.60305,1.77292
22.41666667,1.755E-09,4.53979E-09,4.53979,1.7550025
22.43333333,1.73709E-09,4.36861E-09,4.36861,1.737085
22.45,1.71917E-09,4.49992E-09,4.49992,1.7191675
22.46666667,1.70125E-09,4.43472E-09,4.43472,1.70125
22.48333333,1.68333E-09,4.24625E-09,4.24625,1.6833325
22.5,1.66542E-09,4.25909E-09,4.25909,1.665415
22.51666667,1.6475E-09,4.25273E-09,4.25273,1.6474975
22.53333333,1.62958E-09,4.13035E-09,4.13035,1.62958
22.55,1.61166E-09,4.21533E-09,4.21533,1.6116625
22.56666667,1.59375E-09,4.17657E-09,4.17657,1.593745
22.58333333,1.57583E-09,4.11775E-09,4.11775,1.5758275
22.6,1.55791E-09,4.07006E-09,4.07006,1.55791
22.61666667,1.53184E-09,3.831E-09,3.831,1.531843333
22.63333333,1.50578E-09,3.897E-09,3.897,1.505776667
22.65,1.47971E-09,3.77959E-09,3.77959,1.47971
22.66666667,1.45364E-09,3.63663E-09,3.63663,1.453643333
22.68333333,1.42758E-09,3.64843E-09,3.64843,1.427576667
22.7,1.40151E-09,3.55987E-09,3.55987,1.40151
22.71666667,1.37544E-09,3.45661E-09,3.45661,1.375443333
22.73333333,1.34938E-09,3.54812E-09,3.54812,1.349376667
22.75,1.32331E-09,3.3353E-09,3.3353,1.32331
22.76666667,1.29724E-09,3.34511E-09,3.34511,1.297243333
22.78333333,1.27118E-09,3.29162E-09,3.29162,1.271176667
22.8,1.24511E-09,3.13043E-09,3.13043,1.24511
22.81666667,1.20424E-09,3.10512E-09,3.10512,1.204242
22.83333333,1.16337E-09,2.96137E-09,2.96137,1.163374
22.85,1.12251E-09,2.84975E-09,2.84975,1.122506
22.86666667,1.08164E-09,2.82157E-09,2.82157,1.081638
22.88333333,1.04077E-09,2.66397E-09,2.66397,1.04077
22.9,9.99902E-10,2.52132E-09,2.52132,0.999902
22.91666667,9.59034E-10,2.41112E-09,2.41112,0.959034
22.93333333,9.18166E-10,2.29643E-09,2.29643,0.918166
22.95,8.77298E-10,2.26494E-09,2.26494,0.877298
22.96666667,8.3643E-10,2.17897E-09,2.17897,0.83643
22.98333333,7.95562E-10,1.99906E-09,1.99906,0.795562
23,7.54694E-10,1.89633E-09,1.89633,0.754694
23.01666667,7.5235E-10,1.97363E-09,1.97363,0.752350104
23.03333333,7.50006E-10,1.89998E-09,1.89998,0.750006208
23.05,7.47662E-10,1.94521E-09,1.94521,0.747662313
23.06666667,7.45318E-10,1.91183E-09,1.91183,0.745318417
23.08333333,7.42975E-10,1.91E-09,1.91,0.742974521
23.1,7.40631E-10,1.89495E-09,1.89495,0.740630625
23.11666667,7.38287E-10,1.87852E-09,1.87852,0.738286729
23.13333333,7.35943E-10,1.87342E-09,1.87342,0.735942833
23.15,7.33599E-10,1.89022E-09,1.89022,0.733598938
23.16666667,7.31255E-10,1.87575E-09,1.87575,0.731255042
23.18333333,7.28911E-10,1.87424E-09,1.87424,0.728911146
23.2,7.26567E-10,1.87404E-09,1.87404,0.72656725
23.21666667,7.24223E-10,1.90291E-09,1.90291,0.724223354
23.23333333,7.21879E-10,1.87447E-09,1.87447,0.721879458
23.25,7.19536E-10,1.88418E-09,1.88418,0.719535563
23.26666667,7.17192E-10,1.88738E-09,1.88738,0.717191667
23.28333333,7.14848E-10,1.80791E-09,1.80791,0.714847771
23.3,7.12504E-10,1.82262E-09,1.82262,0.712503875
23.31666667,7.1016E-10,1.79864E-09,1.79864,0.710159979
23.33333333,7.07816E-10,1.79935E-09,1.79935,0.707816083
23.35,7.05472E-10,1.80521E-09,1.80521,0.705472188
23.36666667,7.03128E-10,1.77004E-09,1.77004,0.703128292
23.38333333,7.00784E-10,1.75794E-09,1.75794,0.700784396
23.4,6.98441E-10,1.80778E-09,1.80778,0.6984405
23.41666667,6.96097E-10,1.79353E-09,1.79353,0.696096604
23.43333333,6.93753E-10,1.7562E-09,1.7562,0.693752708
23.45,6.91409E-10,1.78867E-09,1.78867,0.691408813
23.46666667,6.89065E-10,1.72718E-09,1.72718,0.689064917
23.48333333,6.86721E-10,1.74795E-09,1.74795,0.686721021
23.5,6.84377E-10,1.78411E-09,1.78411,0.684377125
23.51666667,6.82033E-10,1.71577E-09,1.71577,0.682033229
23.53333333,6.79689E-10,1.76067E-09,1.76067,0.679689333
23.55,6.77345E-10,1.76144E-09,1.76144,0.677345438
23.56666667,6.75002E-10,1.7396E-09,1.7396,0.675001542
23.58333333,6.72658E-10,1.74546E-09,1.74546,0.672657646
23.6,6.70314E-10,1.69216E-09,1.69216,0.67031375
23.61666667,6.6797E-10,1.73807E-09,1.73807,0.667969854
23.63333333,6.65626E-10,1.74531E-09,1.74531,0.665625958
23.65,6.63282E-10,1.71991E-09,1.71991,0.663282063
23.66666667,6.60938E-10,1.69772E-09,1.69772,0.660938167
23.68333333,6.58594E-10,1.70107E-09,1.70107,0.658594271
23.7,6.5625E-10,1.67948E-09,1.67948,0.656250375
23.71666667,6.53906E-10,1.71156E-09,1.71156,0.653906479
23.73333333,6.51563E-10,1.69022E-09,1.69022,0.651562583
23.75,6.49219E-10,1.68071E-09,1.68071,0.649218688
23.76666667,6.46875E-10,1.68641E-09,1.68641,0.646874792
23.78333333,6.44531E-10,1.61206E-09,1.61206,0.644530896
23.8,6.42187E-10,1.65507E-09,1.65507,0.642187
23.81666667,6.39843E-10,1.66787E-09,1.66787,0.639843104
23.83333333,6.37499E-10,1.64857E-09,1.64857,0.637499208
23.85,6.35155E-10,1.60435E-09,1.60435,0.635155313
23.86666667,6.32811E-10,1.58587E-09,1.58587,0.632811417
23.88333333,6.30468E-10,1.59422E-09,1.59422,0.630467521
23.9,6.28124E-10,1.60644E-09,1.60644,0.628123625
23.91666667,6.2578E-10,1.58633E-09,1.58633,0.625779729
23.93333333,6.23436E-10,1.63631E-09,1.63631,0.623435833
23.95,6.21092E-10,1.6028E-09,1.6028,0.621091938
23.96666667,6.18748E-10,1.62036E-09,1.62036,0.618748042
23.98333333,6.16404E-10,1.58103E-09,1.58103,0.616404146
24,6.1406E-10,1.54259E-09,1.54259,0.61406025
24.01666667,6.11716E-10,1.54825E-09,1.54825,0.611716354
24.03333333,6.09372E-10,1.54773E-09,1.54773,0.609372458
24.05,6.07029E-10,1.58162E-09,1.58162,0.607028563
24.06666667,6.04685E-10,1.54751E-09,1.54751,0.604684667
24.08333333,6.02341E-10,1.54799E-09,1.54799,0.602340771
24.1,5.99997E-10,1.54299E-09,1.54299,0.599996875
24.11666667,5.97653E-10,1.5246E-09,1.5246,0.597652979
24.13333333,5.95309E-10,1.56455E-09,1.56455,0.595309083
24.15,5.92965E-10,1.55864E-09,1.55864,0.592965188
24.16666667,5.90621E-10,1.5028E-09,1.5028,0.590621292
24.18333333,5.88277E-10,1.49537E-09,1.49537,0.588277396
24.2,5.85934E-10,1.50363E-09,1.50363,0.5859335
24.21666667,5.8359E-10,1.48654E-09,1.48654,0.583589604
24.23333333,5.81246E-10,1.47869E-09,1.47869,0.581245708
24.25,5.78902E-10,1.51875E-09,1.51875,0.578901813
24.26666667,5.76558E-10,1.45868E-09,1.45868,0.576557917
24.28333333,5.74214E-10,1.45081E-09,1.45081,0.574214021
24.3,5.7187E-10,1.46403E-09,1.46403,0.571870125
24.31666667,5.69526E-10,1.48479E-09,1.48479,0.569526229
24.33333333,5.67182E-10,1.43653E-09,1.43653,0.567182333
24.35,5.64838E-10,1.44711E-09,1.44711,0.564838438
24.36666667,5.62495E-10,1.44671E-09,1.44671,0.562494542
24.38333333,5.60151E-10,1.42254E-09,1.42254,0.560150646
24.4,5.57807E-10,1.44239E-09,1.44239,0.55780675
24.41666667,5.55463E-10,1.42377E-09,1.42377,0.555462854
24.43333333,5.53119E-10,1.45314E-09,1.45314,0.553118958
24.45,5.50775E-10,1.43799E-09,1.43799,0.550775063
24.46666667,5.48431E-10,1.42429E-09,1.42429,0.548431167
24.48333333,5.46087E-10,1.41941E-09,1.41941,0.546087271
24.5,5.43743E-10,1.39741E-09,1.39741,0.543743375
24.51666667,5.41399E-10,1.37829E-09,1.37829,0.541399479
24.53333333,5.39056E-10,1.40794E-09,1.40794,0.539055583
24.55,5.36712E-10,1.37954E-09,1.37954,0.536711688
24.56666667,5.34368E-10,1.39112E-09,1.39112,0.534367792
24.58333333,5.32024E-10,1.35484E-09,1.35484,0.532023896
24.6,5.2968E-10,1.34667E-09,1.34667,0.52968
24.61666667,5.2509E-10,1.32998E-09,1.32998,0.525089517
24.63333333,5.20499E-10,1.30864E-09,1.30864,0.520499033
24.65,5.15909E-10,1.35502E-09,1.35502,0.51590855
24.66666667,5.11318E-10,1.29919E-09,1.29919,0.511318067
24.68333333,5.06728E-10,1.31562E-09,1.31562,0.506727583
24.7,5.02137E-10,1.29745E-09,1.29745,0.5021371
24.71666667,4.97547E-10,1.25912E-09,1.25912,0.497546617
24.73333333,4.92956E-10,1.28014E-09,1.28014,0.492956133
24.75,4.88366E-10,1.27933E-09,1.27933,0.48836565
24.76666667,4.83775E-10,1.22781E-09,1.22781,0.483775167
24.78333333,4.79185E-10,1.2498E-09,1.2498,0.479184683
24.8,4.74594E-10,1.20625E-09,1.20625,0.4745942
24.81666667,4.70004E-10,1.20329E-09,1.20329,0.470003717
24.83333333,4.65413E-10,1.16897E-09,1.16897,0.465413233
24.85,4.60823E-10,1.17045E-09,1.17045,0.46082275
24.86666667,4.56232E-10,1.18294E-09,1.18294,0.456232267
24.88333333,4.51642E-10,1.15381E-09,1.15381,0.451641783
24.9,4.47051E-10,1.14609E-09,1.14609,0.4470513
24.91666667,4.42461E-10,1.11806E-09,1.11806,0.442460817
24.93333333,4.3787E-10,1.12016E-09,1.12016,0.437870333
24.95,4.3328E-10,1.10985E-09,1.10985,0.43327985
24.96666667,4.28689E-10,1.08531E-09,1.08531,0.428689367
24.98333333,4.24099E-10,1.06673E-09,1.06673,0.424098883
25,4.19508E-10,1.05247E-09,1.05247,0.4195084
25.01666667,4.14918E-10,1.03841E-09,1.03841,0.414917917
