section,coordinate_um,X,Y,Z,Edep
"x=0, z=0",-0.5,0,0,100,6.922649765839135e-32
"x=0, z=0",-0.495,0,1,100,1.2490818966734598e-32
"x=0, z=0",-0.49,0,2,100,3.3859714212163627e-32
"x=0, z=0",-0.485,0,3,100,1.2190102062778817e-32
"x=0, z=0",-0.48,0,4,100,2.570938566479074e-32
"x=0, z=0",-0.475,0,5,100,5.329814743787655e-32
"x=0, z=0",-0.47,0,6,100,5.899049791703947e-32
"x=0, z=0",-0.465,0,7,100,4.178830342014056e-32
"x=0, z=0",-0.46,0,8,100,2.6572214860663864e-31
"x=0, z=0",-0.455,0,9,100,1.5118140210348239e-31
"x=0, z=0",-0.45,0,10,100,2.3617274718812688e-32
"x=0, z=0",-0.445,0,11,100,2.3649835889093615e-32
"x=0, z=0",-0.44,0,12,100,5.01761500931928e-32
"x=0, z=0",-0.435,0,13,100,4.2723294079431637e-32
"x=0, z=0",-0.43,0,14,100,3.7510412408198207e-32
"x=0, z=0",-0.425,0,15,100,3.3125136440843086e-32
"x=0, z=0",-0.42,0,16,100,2.5956605235040105e-32
"x=0, z=0",-0.415,0,17,100,6.375354479062476e-32
"x=0, z=0",-0.41,0,18,100,4.208515926066833e-32
"x=0, z=0",-0.405,0,19,100,2.2514279014403463e-32
"x=0, z=0",-0.4,0,20,100,1.5321745096604011e-32
"x=0, z=0",-0.395,0,21,100,5.026181761223735e-31
"x=0, z=0",-0.39,0,22,100,2.888547971403797e-32
"x=0, z=0",-0.385,0,23,100,3.0124407153284354e-32
"x=0, z=0",-0.38,0,24,100,5.274421725510087e-32
"x=0, z=0",-0.375,0,25,100,4.5830544113260416e-32
"x=0, z=0",-0.37,0,26,100,4.133177797106483e-32
"x=0, z=0",-0.365,0,27,100,1.245487901748274e-31
"x=0, z=0",-0.36,0,28,100,4.377735045641949e-32
"x=0, z=0",-0.355,0,29,100,4.0582425011175027e-32
"x=0, z=0",-0.35,0,30,100,3.917982751138129e-32
"x=0, z=0",-0.345,0,31,100,5.072188422796968e-32
"x=0, z=0",-0.34,0,32,100,2.2062576409898454e-32
"x=0, z=0",-0.335,0,33,100,3.723737807452408e-32
"x=0, z=0",-0.33,0,34,100,5.399230252348874e-32
"x=0, z=0",-0.325,0,35,100,9.277828762635652e-32
"x=0, z=0",-0.32,0,36,100,8.738520441000677e-32
"x=0, z=0",-0.315,0,37,100,6.388261860774863e-32
"x=0, z=0",-0.31,0,38,100,2.624389901956929e-32
"x=0, z=0",-0.305,0,39,100,2.752234311880986e-32
"x=0, z=0",-0.3,0,40,100,2.2487195814978866e-32
"x=0, z=0",-0.295,0,41,100,3.104083125486388e-32
"x=0, z=0",-0.29,0,42,100,3.414745404012132e-32
"x=0, z=0",-0.285,0,43,100,4.4414077450611575e-32
"x=0, z=0",-0.28,0,44,100,4.810857153578256e-32
"x=0, z=0",-0.275,0,45,100,3.445200412979082e-32
"x=0, z=0",-0.27,0,46,100,5.67811890602215e-32
"x=0, z=0",-0.265,0,47,100,8.709318535290685e-32
"x=0, z=0",-0.26,0,48,100,1.017188099850418e-31
"x=0, z=0",-0.255,0,49,100,9.485364406605135e-32
"x=0, z=0",-0.25,0,50,100,1.091080769325266e-31
"x=0, z=0",-0.245,0,51,100,8.320201399347906e-32
"x=0, z=0",-0.24,0,52,100,1.1760004686842068e-31
"x=0, z=0",-0.235,0,53,100,5.903440531703302e-32
"x=0, z=0",-0.23,0,54,100,8.781103649565843e-32
"x=0, z=0",-0.225,0,55,100,1.3396119860315755e-31
"x=0, z=0",-0.22,0,56,100,1.1319062880049766e-31
"x=0, z=0",-0.215,0,57,100,6.287205146504011e-32
"x=0, z=0",-0.21,0,58,100,1.2798951342689286e-31
"x=0, z=0",-0.205,0,59,100,5.243951383800281e-32
"x=0, z=0",-0.2,0,60,100,4.046308051633544e-32
"x=0, z=0",-0.195,0,61,100,4.385405598726535e-32
"x=0, z=0",-0.19,0,62,100,9.706448619715482e-32
"x=0, z=0",-0.185,0,63,100,4.058140747460376e-32
"x=0, z=0",-0.18,0,64,100,1.315256620949443e-31
"x=0, z=0",-0.175,0,65,100,6.107589033387564e-32
"x=0, z=0",-0.17,0,66,100,8.120150921663039e-32
"x=0, z=0",-0.165,0,67,100,1.719608927747124e-31
"x=0, z=0",-0.16,0,68,100,9.291279759776533e-32
"x=0, z=0",-0.155,0,69,100,1.986880937879249e-31
"x=0, z=0",-0.15,0,70,100,1.0809960061838919e-31
"x=0, z=0",-0.145,0,71,100,2.0223149066168957e-31
"x=0, z=0",-0.14,0,72,100,7.6512895840177e-32
"x=0, z=0",-0.135,0,73,100,6.724829505296797e-32
"x=0, z=0",-0.13,0,74,100,1.7582432580842995e-31
"x=0, z=0",-0.125,0,75,100,1.9174835498323115e-31
"x=0, z=0",-0.12,0,76,100,1.733524088830792e-31
"x=0, z=0",-0.115,0,77,100,1.9807283263372968e-31
"x=0, z=0",-0.11,0,78,100,3.3042604467712372e-31
"x=0, z=0",-0.105,0,79,100,1.8741490368672552e-31
"x=0, z=0",-0.1,0,80,100,1.5280332752038675e-31
"x=0, z=0",-0.095,0,81,100,4.347794380503495e-31
"x=0, z=0",-0.09,0,82,100,5.332117442987317e-31
"x=0, z=0",-0.085,0,83,100,1.3354819026607543e-31
"x=0, z=0",-0.08,0,84,100,3.4788181486312816e-31
"x=0, z=0",-0.075,0,85,100,2.1090410818612847e-31
"x=0, z=0",-0.07,0,86,100,1.613382291362745e-31
"x=0, z=0",-0.065,0,87,100,1.6641476090695659e-07
"x=0, z=0",-0.06,0,88,100,3.748013721048838e-07
"x=0, z=0",-0.055,0,89,100,2.598016190360807e-07
"x=0, z=0",-0.05,0,90,100,9.097989627804957e-07
"x=0, z=0",-0.045,0,91,100,1.4204545696768302e-06
"x=0, z=0",-0.04,0,92,100,8.524294145603608e-06
"x=0, z=0",-0.035,0,93,100,4.019977550494559e-05
"x=0, z=0",-0.03,0,94,100,1.0089181759087767e-05
"x=0, z=0",-0.025,0,95,100,2.557059646423973e-05
"x=0, z=0",-0.02,0,96,100,4.456924480830304e-05
"x=0, z=0",-0.015,0,97,100,0.0001067749770854
"x=0, z=0",-0.01,0,98,100,0.0002474946675338
"x=0, z=0",-0.005,0,99,100,0.0015216961689487
"x=0, z=0",0.0,0,100,100,0.0192309665512085
"x=0, z=0",0.005,0,101,100,0.0015216961689487
"x=0, z=0",0.01,0,102,100,0.0002474946675338
"x=0, z=0",0.015,0,103,100,0.0001067749770854
"x=0, z=0",0.02,0,104,100,4.456924480830304e-05
"x=0, z=0",0.025,0,105,100,2.557059646423973e-05
"x=0, z=0",0.03,0,106,100,1.0089181759087767e-05
"x=0, z=0",0.035,0,107,100,4.019977550494559e-05
"x=0, z=0",0.04,0,108,100,8.524294145603608e-06
"x=0, z=0",0.045,0,109,100,1.4204545696768302e-06
"x=0, z=0",0.05,0,110,100,9.097989627804957e-07
"x=0, z=0",0.055,0,111,100,2.598016190360807e-07
"x=0, z=0",0.06,0,112,100,3.748013721048838e-07
"x=0, z=0",0.065,0,113,100,1.6641476090695659e-07
"x=0, z=0",0.07,0,114,100,1.613382291362745e-31
"x=0, z=0",0.075,0,115,100,2.1090410818612847e-31
"x=0, z=0",0.08,0,116,100,3.4788181486312816e-31
"x=0, z=0",0.085,0,117,100,1.3354819026607543e-31
"x=0, z=0",0.09,0,118,100,5.332117442987317e-31
"x=0, z=0",0.095,0,119,100,4.347794380503495e-31
"x=0, z=0",0.1,0,120,100,1.5280332752038675e-31
"x=0, z=0",0.105,0,121,100,1.8741490368672552e-31
"x=0, z=0",0.11,0,122,100,3.3042604467712372e-31
"x=0, z=0",0.115,0,123,100,1.9807283263372968e-31
"x=0, z=0",0.12,0,124,100,1.733524088830792e-31
"x=0, z=0",0.125,0,125,100,1.9174835498323115e-31
"x=0, z=0",0.13,0,126,100,1.7582432580842995e-31
"x=0, z=0",0.135,0,127,100,6.724829505296797e-32
"x=0, z=0",0.14,0,128,100,7.6512895840177e-32
"x=0, z=0",0.145,0,129,100,2.0223149066168957e-31
"x=0, z=0",0.15,0,130,100,1.0809960061838919e-31
"x=0, z=0",0.155,0,131,100,1.986880937879249e-31
"x=0, z=0",0.16,0,132,100,9.291279759776533e-32
"x=0, z=0",0.165,0,133,100,1.719608927747124e-31
"x=0, z=0",0.17,0,134,100,8.120150921663039e-32
"x=0, z=0",0.175,0,135,100,6.107589033387564e-32
"x=0, z=0",0.18,0,136,100,1.315256620949443e-31
"x=0, z=0",0.185,0,137,100,4.058140747460376e-32
"x=0, z=0",0.19,0,138,100,9.706448619715482e-32
"x=0, z=0",0.195,0,139,100,4.385405598726535e-32
"x=0, z=0",0.2,0,140,100,4.046308051633544e-32
"x=0, z=0",0.205,0,141,100,5.243951383800281e-32
"x=0, z=0",0.21,0,142,100,1.2798951342689286e-31
"x=0, z=0",0.215,0,143,100,6.287205146504011e-32
"x=0, z=0",0.22,0,144,100,1.1319062880049766e-31
"x=0, z=0",0.225,0,145,100,1.3396119860315755e-31
"x=0, z=0",0.23,0,146,100,8.781103649565843e-32
"x=0, z=0",0.235,0,147,100,5.903440531703302e-32
"x=0, z=0",0.24,0,148,100,1.1760004686842068e-31
"x=0, z=0",0.245,0,149,100,8.320201399347906e-32
"x=0, z=0",0.25,0,150,100,1.091080769325266e-31
"x=0, z=0",0.255,0,151,100,9.485364406605135e-32
"x=0, z=0",0.26,0,152,100,1.017188099850418e-31
"x=0, z=0",0.265,0,153,100,8.709318535290685e-32
"x=0, z=0",0.27,0,154,100,5.67811890602215e-32
"x=0, z=0",0.275,0,155,100,3.445200412979082e-32
"x=0, z=0",0.28,0,156,100,4.810857153578256e-32
"x=0, z=0",0.285,0,157,100,4.4414077450611575e-32
"x=0, z=0",0.29,0,158,100,3.414745404012132e-32
"x=0, z=0",0.295,0,159,100,3.104083125486388e-32
"x=0, z=0",0.3,0,160,100,2.2487195814978866e-32
"x=0, z=0",0.305,0,161,100,2.752234311880986e-32
"x=0, z=0",0.31,0,162,100,2.624389901956929e-32
"x=0, z=0",0.315,0,163,100,6.388261860774863e-32
"x=0, z=0",0.32,0,164,100,8.738520441000677e-32
"x=0, z=0",0.325,0,165,100,9.277828762635652e-32
"x=0, z=0",0.33,0,166,100,5.399230252348874e-32
"x=0, z=0",0.335,0,167,100,3.723737807452408e-32
"x=0, z=0",0.34,0,168,100,2.2062576409898454e-32
"x=0, z=0",0.345,0,169,100,5.072188422796968e-32
"x=0, z=0",0.35,0,170,100,3.917982751138129e-32
"x=0, z=0",0.355,0,171,100,4.0582425011175027e-32
"x=0, z=0",0.36,0,172,100,4.377735045641949e-32
"x=0, z=0",0.365,0,173,100,1.245487901748274e-31
"x=0, z=0",0.37,0,174,100,4.133177797106483e-32
"x=0, z=0",0.375,0,175,100,4.5830544113260416e-32
"x=0, z=0",0.38,0,176,100,5.274421725510087e-32
"x=0, z=0",0.385,0,177,100,3.0124407153284354e-32
"x=0, z=0",0.39,0,178,100,2.888547971403797e-32
"x=0, z=0",0.395,0,179,100,5.026181761223735e-31
"x=0, z=0",0.4,0,180,100,1.5321745096604011e-32
"x=0, z=0",0.405,0,181,100,2.2514279014403463e-32
"x=0, z=0",0.41,0,182,100,4.208515926066833e-32
"x=0, z=0",0.415,0,183,100,6.375354479062476e-32
"x=0, z=0",0.42,0,184,100,2.5956605235040105e-32
"x=0, z=0",0.425,0,185,100,3.3125136440843086e-32
"x=0, z=0",0.43,0,186,100,3.7510412408198207e-32
"x=0, z=0",0.435,0,187,100,4.2723294079431637e-32
"x=0, z=0",0.44,0,188,100,5.01761500931928e-32
"x=0, z=0",0.445,0,189,100,2.3649835889093615e-32
"x=0, z=0",0.45,0,190,100,2.3617274718812688e-32
"x=0, z=0",0.455,0,191,100,1.5118140210348239e-31
"x=0, z=0",0.46,0,192,100,2.6572214860663864e-31
"x=0, z=0",0.465,0,193,100,4.178830342014056e-32
"x=0, z=0",0.47,0,194,100,5.899049791703947e-32
"x=0, z=0",0.475,0,195,100,5.329814743787655e-32
"x=0, z=0",0.48,0,196,100,2.570938566479074e-32
"x=0, z=0",0.485,0,197,100,1.2190102062778817e-32
"x=0, z=0",0.49,0,198,100,3.3859714212163627e-32
"x=0, z=0",0.495,0,199,100,1.2490818966734598e-32
"x=0, y=0",-0.5,0,100,0,6.922649765839135e-32
"x=0, y=0",-0.495,0,100,1,1.2490818966734598e-32
"x=0, y=0",-0.49,0,100,2,3.3859714212163627e-32
"x=0, y=0",-0.485,0,100,3,1.2190102062778817e-32
"x=0, y=0",-0.48,0,100,4,2.570938566479074e-32
"x=0, y=0",-0.475,0,100,5,5.329814743787655e-32
"x=0, y=0",-0.47,0,100,6,5.899049791703947e-32
"x=0, y=0",-0.465,0,100,7,4.178830342014056e-32
"x=0, y=0",-0.46,0,100,8,2.6572214860663864e-31
"x=0, y=0",-0.455,0,100,9,1.5118140210348239e-31
"x=0, y=0",-0.45,0,100,10,2.3617274718812688e-32
"x=0, y=0",-0.445,0,100,11,2.3649835889093615e-32
"x=0, y=0",-0.44,0,100,12,5.01761500931928e-32
"x=0, y=0",-0.435,0,100,13,4.2723294079431637e-32
"x=0, y=0",-0.43,0,100,14,3.7510412408198207e-32
"x=0, y=0",-0.425,0,100,15,3.3125136440843086e-32
"x=0, y=0",-0.42,0,100,16,2.5956605235040105e-32
"x=0, y=0",-0.415,0,100,17,6.375354479062476e-32
"x=0, y=0",-0.41,0,100,18,4.208515926066833e-32
"x=0, y=0",-0.405,0,100,19,2.2514279014403463e-32
"x=0, y=0",-0.4,0,100,20,1.5321745096604011e-32
"x=0, y=0",-0.395,0,100,21,5.026181761223735e-31
"x=0, y=0",-0.39,0,100,22,2.888547971403797e-32
"x=0, y=0",-0.385,0,100,23,3.0124407153284354e-32
"x=0, y=0",-0.38,0,100,24,5.274421725510087e-32
"x=0, y=0",-0.375,0,100,25,4.5830544113260416e-32
"x=0, y=0",-0.37,0,100,26,4.133177797106483e-32
"x=0, y=0",-0.365,0,100,27,1.245487901748274e-31
"x=0, y=0",-0.36,0,100,28,4.377735045641949e-32
"x=0, y=0",-0.355,0,100,29,4.0582425011175027e-32
"x=0, y=0",-0.35,0,100,30,3.917982751138129e-32
"x=0, y=0",-0.345,0,100,31,5.072188422796968e-32
"x=0, y=0",-0.34,0,100,32,2.2062576409898454e-32
"x=0, y=0",-0.335,0,100,33,3.723737807452408e-32
"x=0, y=0",-0.33,0,100,34,5.399230252348874e-32
"x=0, y=0",-0.325,0,100,35,9.277828762635652e-32
"x=0, y=0",-0.32,0,100,36,8.738520441000677e-32
"x=0, y=0",-0.315,0,100,37,6.388261860774863e-32
"x=0, y=0",-0.31,0,100,38,2.624389901956929e-32
"x=0, y=0",-0.305,0,100,39,2.752234311880986e-32
"x=0, y=0",-0.3,0,100,40,2.2487195814978866e-32
"x=0, y=0",-0.295,0,100,41,3.104083125486388e-32
"x=0, y=0",-0.29,0,100,42,3.414745404012132e-32
"x=0, y=0",-0.285,0,100,43,4.4414077450611575e-32
"x=0, y=0",-0.28,0,100,44,4.810857153578256e-32
"x=0, y=0",-0.275,0,100,45,3.445200412979082e-32
"x=0, y=0",-0.27,0,100,46,5.67811890602215e-32
"x=0, y=0",-0.265,0,100,47,8.709318535290685e-32
"x=0, y=0",-0.26,0,100,48,1.017188099850418e-31
"x=0, y=0",-0.255,0,100,49,9.485364406605135e-32
"x=0, y=0",-0.25,0,100,50,1.091080769325266e-31
"x=0, y=0",-0.245,0,100,51,8.320201399347906e-32
"x=0, y=0",-0.24,0,100,52,1.1760004686842068e-31
"x=0, y=0",-0.235,0,100,53,5.903440531703302e-32
"x=0, y=0",-0.23,0,100,54,8.781103649565843e-32
"x=0, y=0",-0.225,0,100,55,1.3396119860315755e-31
"x=0, y=0",-0.22,0,100,56,1.1319062880049766e-31
"x=0, y=0",-0.215,0,100,57,6.287205146504011e-32
"x=0, y=0",-0.21,0,100,58,1.2798951342689286e-31
"x=0, y=0",-0.205,0,100,59,5.243951383800281e-32
"x=0, y=0",-0.2,0,100,60,4.046308051633544e-32
"x=0, y=0",-0.195,0,100,61,4.385405598726535e-32
"x=0, y=0",-0.19,0,100,62,9.706448619715482e-32
"x=0, y=0",-0.185,0,100,63,4.058140747460376e-32
"x=0, y=0",-0.18,0,100,64,1.315256620949443e-31
"x=0, y=0",-0.175,0,100,65,6.107589033387564e-32
"x=0, y=0",-0.17,0,100,66,8.120150921663039e-32
"x=0, y=0",-0.165,0,100,67,1.719608927747124e-31
"x=0, y=0",-0.16,0,100,68,9.291279759776533e-32
"x=0, y=0",-0.155,0,100,69,1.986880937879249e-31
"x=0, y=0",-0.15,0,100,70,1.0809960061838919e-31
"x=0, y=0",-0.145,0,100,71,2.0223149066168957e-31
"x=0, y=0",-0.14,0,100,72,7.6512895840177e-32
"x=0, y=0",-0.135,0,100,73,6.724829505296797e-32
"x=0, y=0",-0.13,0,100,74,1.7582432580842995e-31
"x=0, y=0",-0.125,0,100,75,1.9174835498323115e-31
"x=0, y=0",-0.12,0,100,76,1.733524088830792e-31
"x=0, y=0",-0.115,0,100,77,1.9807283263372968e-31
"x=0, y=0",-0.11,0,100,78,3.3042604467712372e-31
"x=0, y=0",-0.105,0,100,79,1.8741490368672552e-31
"x=0, y=0",-0.1,0,100,80,1.5280332752038675e-31
"x=0, y=0",-0.095,0,100,81,4.347794380503495e-31
"x=0, y=0",-0.09,0,100,82,5.332117442987317e-31
"x=0, y=0",-0.085,0,100,83,1.3354819026607543e-31
"x=0, y=0",-0.08,0,100,84,3.4788181486312816e-31
"x=0, y=0",-0.075,0,100,85,2.1090410818612847e-31
"x=0, y=0",-0.07,0,100,86,1.613382291362745e-31
"x=0, y=0",-0.065,0,100,87,1.6641476090695659e-07
"x=0, y=0",-0.06,0,100,88,3.748013721048838e-07
"x=0, y=0",-0.055,0,100,89,2.598016190360807e-07
"x=0, y=0",-0.05,0,100,90,9.097989627804957e-07
"x=0, y=0",-0.045,0,100,91,1.4204545696768302e-06
"x=0, y=0",-0.04,0,100,92,8.524294145603608e-06
"x=0, y=0",-0.035,0,100,93,4.019977550494559e-05
"x=0, y=0",-0.03,0,100,94,1.0089181759087767e-05
"x=0, y=0",-0.025,0,100,95,2.557059646423973e-05
"x=0, y=0",-0.02,0,100,96,4.456924480830304e-05
"x=0, y=0",-0.015,0,100,97,0.0001067749770854
"x=0, y=0",-0.01,0,100,98,0.0002474946675338
"x=0, y=0",-0.005,0,100,99,0.0015216961689487
"x=0, y=0",0.0,0,100,100,0.0192309665512085
"x=0, y=0",0.005,0,100,101,0.0015216961689487
"x=0, y=0",0.01,0,100,102,0.0002474946675338
"x=0, y=0",0.015,0,100,103,0.0001067749770854
"x=0, y=0",0.02,0,100,104,4.456924480830304e-05
"x=0, y=0",0.025,0,100,105,2.557059646423973e-05
"x=0, y=0",0.03,0,100,106,1.0089181759087767e-05
"x=0, y=0",0.035,0,100,107,4.019977550494559e-05
"x=0, y=0",0.04,0,100,108,8.524294145603608e-06
"x=0, y=0",0.045,0,100,109,1.4204545696768302e-06
"x=0, y=0",0.05,0,100,110,9.097989627804957e-07
"x=0, y=0",0.055,0,100,111,2.598016190360807e-07
"x=0, y=0",0.06,0,100,112,3.748013721048838e-07
"x=0, y=0",0.065,0,100,113,1.6641476090695659e-07
"x=0, y=0",0.07,0,100,114,1.613382291362745e-31
"x=0, y=0",0.075,0,100,115,2.1090410818612847e-31
"x=0, y=0",0.08,0,100,116,3.4788181486312816e-31
"x=0, y=0",0.085,0,100,117,1.3354819026607543e-31
"x=0, y=0",0.09,0,100,118,5.332117442987317e-31
"x=0, y=0",0.095,0,100,119,4.347794380503495e-31
"x=0, y=0",0.1,0,100,120,1.5280332752038675e-31
"x=0, y=0",0.105,0,100,121,1.8741490368672552e-31
"x=0, y=0",0.11,0,100,122,3.3042604467712372e-31
"x=0, y=0",0.115,0,100,123,1.9807283263372968e-31
"x=0, y=0",0.12,0,100,124,1.733524088830792e-31
"x=0, y=0",0.125,0,100,125,1.9174835498323115e-31
"x=0, y=0",0.13,0,100,126,1.7582432580842995e-31
"x=0, y=0",0.135,0,100,127,6.724829505296797e-32
"x=0, y=0",0.14,0,100,128,7.6512895840177e-32
"x=0, y=0",0.145,0,100,129,2.0223149066168957e-31
"x=0, y=0",0.15,0,100,130,1.0809960061838919e-31
"x=0, y=0",0.155,0,100,131,1.986880937879249e-31
"x=0, y=0",0.16,0,100,132,9.291279759776533e-32
"x=0, y=0",0.165,0,100,133,1.719608927747124e-31
"x=0, y=0",0.17,0,100,134,8.120150921663039e-32
"x=0, y=0",0.175,0,100,135,6.107589033387564e-32
"x=0, y=0",0.18,0,100,136,1.315256620949443e-31
"x=0, y=0",0.185,0,100,137,4.058140747460376e-32
"x=0, y=0",0.19,0,100,138,9.706448619715482e-32
"x=0, y=0",0.195,0,100,139,4.385405598726535e-32
"x=0, y=0",0.2,0,100,140,4.046308051633544e-32
"x=0, y=0",0.205,0,100,141,5.243951383800281e-32
"x=0, y=0",0.21,0,100,142,1.2798951342689286e-31
"x=0, y=0",0.215,0,100,143,6.287205146504011e-32
"x=0, y=0",0.22,0,100,144,1.1319062880049766e-31
"x=0, y=0",0.225,0,100,145,1.3396119860315755e-31
"x=0, y=0",0.23,0,100,146,8.781103649565843e-32
"x=0, y=0",0.235,0,100,147,5.903440531703302e-32
"x=0, y=0",0.24,0,100,148,1.1760004686842068e-31
"x=0, y=0",0.245,0,100,149,8.320201399347906e-32
"x=0, y=0",0.25,0,100,150,1.091080769325266e-31
"x=0, y=0",0.255,0,100,151,9.485364406605135e-32
"x=0, y=0",0.26,0,100,152,1.017188099850418e-31
"x=0, y=0",0.265,0,100,153,8.709318535290685e-32
"x=0, y=0",0.27,0,100,154,5.67811890602215e-32
"x=0, y=0",0.275,0,100,155,3.445200412979082e-32
"x=0, y=0",0.28,0,100,156,4.810857153578256e-32
"x=0, y=0",0.285,0,100,157,4.4414077450611575e-32
"x=0, y=0",0.29,0,100,158,3.414745404012132e-32
"x=0, y=0",0.295,0,100,159,3.104083125486388e-32
"x=0, y=0",0.3,0,100,160,2.2487195814978866e-32
"x=0, y=0",0.305,0,100,161,2.752234311880986e-32
"x=0, y=0",0.31,0,100,162,2.624389901956929e-32
"x=0, y=0",0.315,0,100,163,6.388261860774863e-32
"x=0, y=0",0.32,0,100,164,8.738520441000677e-32
"x=0, y=0",0.325,0,100,165,9.277828762635652e-32
"x=0, y=0",0.33,0,100,166,5.399230252348874e-32
"x=0, y=0",0.335,0,100,167,3.723737807452408e-32
"x=0, y=0",0.34,0,100,168,2.2062576409898454e-32
"x=0, y=0",0.345,0,100,169,5.072188422796968e-32
"x=0, y=0",0.35,0,100,170,3.917982751138129e-32
"x=0, y=0",0.355,0,100,171,4.0582425011175027e-32
"x=0, y=0",0.36,0,100,172,4.377735045641949e-32
"x=0, y=0",0.365,0,100,173,1.245487901748274e-31
"x=0, y=0",0.37,0,100,174,4.133177797106483e-32
"x=0, y=0",0.375,0,100,175,4.5830544113260416e-32
"x=0, y=0",0.38,0,100,176,5.274421725510087e-32
"x=0, y=0",0.385,0,100,177,3.0124407153284354e-32
"x=0, y=0",0.39,0,100,178,2.888547971403797e-32
"x=0, y=0",0.395,0,100,179,5.026181761223735e-31
"x=0, y=0",0.4,0,100,180,1.5321745096604011e-32
"x=0, y=0",0.405,0,100,181,2.2514279014403463e-32
"x=0, y=0",0.41,0,100,182,4.208515926066833e-32
"x=0, y=0",0.415,0,100,183,6.375354479062476e-32
"x=0, y=0",0.42,0,100,184,2.5956605235040105e-32
"x=0, y=0",0.425,0,100,185,3.3125136440843086e-32
"x=0, y=0",0.43,0,100,186,3.7510412408198207e-32
"x=0, y=0",0.435,0,100,187,4.2723294079431637e-32
"x=0, y=0",0.44,0,100,188,5.01761500931928e-32
"x=0, y=0",0.445,0,100,189,2.3649835889093615e-32
"x=0, y=0",0.45,0,100,190,2.3617274718812688e-32
"x=0, y=0",0.455,0,100,191,1.5118140210348239e-31
"x=0, y=0",0.46,0,100,192,2.6572214860663864e-31
"x=0, y=0",0.465,0,100,193,4.178830342014056e-32
"x=0, y=0",0.47,0,100,194,5.899049791703947e-32
"x=0, y=0",0.475,0,100,195,5.329814743787655e-32
"x=0, y=0",0.48,0,100,196,2.570938566479074e-32
"x=0, y=0",0.485,0,100,197,1.2190102062778817e-32
"x=0, y=0",0.49,0,100,198,3.3859714212163627e-32
"x=0, y=0",0.495,0,100,199,1.2490818966734598e-32
"y=0, z=0",0.0,0,100,100,0.0192309665512085
"y=0, z=0",0.005025125628140704,1,100,100,0.016876899958845
"y=0, z=0",0.010050251256281407,2,100,100,0.0152421884561631
"y=0, z=0",0.01507537688442211,3,100,100,0.0143212517889728
"y=0, z=0",0.020100502512562814,4,100,100,0.0136884665084361
"y=0, z=0",0.02512562814070352,5,100,100,0.0132641514443625
"y=0, z=0",0.03015075376884422,6,100,100,0.0123331733081212
"y=0, z=0",0.035175879396984924,7,100,100,0.0122551737774115
"y=0, z=0",0.04020100502512563,8,100,100,0.0120405058153871
"y=0, z=0",0.04522613065326633,9,100,100,0.0118390600302247
"y=0, z=0",0.05025125628140704,10,100,100,0.0115417243863564
"y=0, z=0",0.05527638190954774,11,100,100,0.0113575936725561
"y=0, z=0",0.06030150753768844,12,100,100,0.0112116125513969
"y=0, z=0",0.06532663316582915,13,100,100,0.0112038320486072
"y=0, z=0",0.07035175879396985,14,100,100,0.0113707223754421
"y=0, z=0",0.07537688442211055,15,100,100,0.0107708845109178
"y=0, z=0",0.08040201005025126,16,100,100,0.0100322252192047
"y=0, z=0",0.08542713567839195,17,100,100,0.0098253093525791
"y=0, z=0",0.09045226130653267,18,100,100,0.0099273646465755
"y=0, z=0",0.09547738693467336,19,100,100,0.0093152534789501
"y=0, z=0",0.10050251256281408,20,100,100,0.0093920382661377
"y=0, z=0",0.10552763819095477,21,100,100,0.009331768097502
"y=0, z=0",0.11055276381909548,22,100,100,0.0087249212459306
"y=0, z=0",0.11557788944723618,23,100,100,0.0085669667858761
"y=0, z=0",0.12060301507537688,24,100,100,0.008210521885028
"y=0, z=0",0.12562814070351758,25,100,100,0.0079288573358328
"y=0, z=0",0.1306532663316583,26,100,100,0.0076316215778148
"y=0, z=0",0.135678391959799,27,100,100,0.0075873481434328
"y=0, z=0",0.1407035175879397,28,100,100,0.0069705765468
"y=0, z=0",0.1457286432160804,29,100,100,0.0068870573122957
"y=0, z=0",0.1507537688442211,30,100,100,0.0066266243466643
"y=0, z=0",0.15577889447236182,31,100,100,0.0066991160494857
"y=0, z=0",0.16080402010050251,32,100,100,0.0060700894654102
"y=0, z=0",0.1658291457286432,33,100,100,0.0059663475975774
"y=0, z=0",0.1708542713567839,34,100,100,0.0057012225896107
"y=0, z=0",0.17587939698492464,35,100,100,0.005429265785349
"y=0, z=0",0.18090452261306533,36,100,100,0.005493166134183
"y=0, z=0",0.18592964824120603,37,100,100,0.0052092429046991
"y=0, z=0",0.19095477386934673,38,100,100,0.0050946091302633
"y=0, z=0",0.19597989949748743,39,100,100,0.0049085144593696
"y=0, z=0",0.20100502512562815,40,100,100,0.0045284068431283
"y=0, z=0",0.20603015075376885,41,100,100,0.0044901086065145
"y=0, z=0",0.21105527638190955,42,100,100,0.0042405360735466
"y=0, z=0",0.21608040201005024,43,100,100,0.0041532687082349
"y=0, z=0",0.22110552763819097,44,100,100,0.0040913397877217
"y=0, z=0",0.22613065326633167,45,100,100,0.0038845160011864
"y=0, z=0",0.23115577889447236,46,100,100,0.0039605130756793
"y=0, z=0",0.23618090452261306,47,100,100,0.0037101739055686
"y=0, z=0",0.24120603015075376,48,100,100,0.0037242320235711
"y=0, z=0",0.24623115577889448,49,100,100,0.0036743150525876
"y=0, z=0",0.25125628140703515,50,100,100,0.0035395395180726
"y=0, z=0",0.2562814070351759,51,100,100,0.0032229605013454
"y=0, z=0",0.2613065326633166,52,100,100,0.0032048084016121
"y=0, z=0",0.2663316582914573,53,100,100,0.0031038936127847
"y=0, z=0",0.271356783919598,54,100,100,0.0028181613426655
"y=0, z=0",0.27638190954773867,55,100,100,0.002602829026832
"y=0, z=0",0.2814070351758794,56,100,100,0.0028352435236024
"y=0, z=0",0.2864321608040201,57,100,100,0.0028774360817574
"y=0, z=0",0.2914572864321608,58,100,100,0.0028222544601872
"y=0, z=0",0.2964824120603015,59,100,100,0.0024697594690425
"y=0, z=0",0.3015075376884422,60,100,100,0.0024773312513854
"y=0, z=0",0.3065326633165829,61,100,100,0.0023354960760165
"y=0, z=0",0.31155778894472363,62,100,100,0.0022921257123109
"y=0, z=0",0.3165829145728643,63,100,100,0.0024694419976322
"y=0, z=0",0.32160804020100503,64,100,100,0.0023460049428252
"y=0, z=0",0.32663316582914576,65,100,100,0.0022652483061731
"y=0, z=0",0.3316582914572864,66,100,100,0.0021339270156016
"y=0, z=0",0.33668341708542715,67,100,100,0.0020732947712128
"y=0, z=0",0.3417085427135678,68,100,100,0.0020924447537288
"y=0, z=0",0.34673366834170855,69,100,100,0.0020350775472367
"y=0, z=0",0.35175879396984927,70,100,100,0.0017989864538737
"y=0, z=0",0.35678391959798994,71,100,100,0.0018983141644271
"y=0, z=0",0.36180904522613067,72,100,100,0.001845424564892
"y=0, z=0",0.36683417085427134,73,100,100,0.0021013665980189
"y=0, z=0",0.37185929648241206,74,100,100,0.0018548706774769
"y=0, z=0",0.3768844221105528,75,100,100,0.0017446531511491
"y=0, z=0",0.38190954773869346,76,100,100,0.0016805366106408
"y=0, z=0",0.3869346733668342,77,100,100,0.0018781364978518
"y=0, z=0",0.39195979899497485,78,100,100,0.0016151337923956
"y=0, z=0",0.3969849246231156,79,100,100,0.0014783596209106
"y=0, z=0",0.4020100502512563,80,100,100,0.0014587763629591
"y=0, z=0",0.40703517587939697,81,100,100,0.0015210713178608
"y=0, z=0",0.4120603015075377,82,100,100,0.0014932833976969
"y=0, z=0",0.41708542713567837,83,100,100,0.0014912735260081
"y=0, z=0",0.4221105527638191,84,100,100,0.001550910926285
"y=0, z=0",0.4271356783919598,85,100,100,0.0015357769794107
"y=0, z=0",0.4321608040201005,86,100,100,0.001598912837686
"y=0, z=0",0.4371859296482412,87,100,100,0.001668581949814
"y=0, z=0",0.44221105527638194,88,100,100,0.0015221735469281
"y=0, z=0",0.4472361809045226,89,100,100,0.0014007468377311
"y=0, z=0",0.45226130653266333,90,100,100,0.0014960950324485
"y=0, z=0",0.457286432160804,91,100,100,0.0013049854395326
"y=0, z=0",0.4623115577889447,92,100,100,0.0012125124965108
"y=0, z=0",0.46733668341708545,93,100,100,0.0013792382611983
"y=0, z=0",0.4723618090452261,94,100,100,0.0012916041087997
"y=0, z=0",0.47738693467336685,95,100,100,0.001193647786645
"y=0, z=0",0.4824120603015075,96,100,100,0.0012379880439082
"y=0, z=0",0.48743718592964824,97,100,100,0.0011050910212923
"y=0, z=0",0.49246231155778897,98,100,100,0.001246862886372
"y=0, z=0",0.49748743718592964,99,100,100,0.0012816056829395
"y=0, z=0",0.5025125628140703,100,100,100,0.0011500300918583
"y=0, z=0",0.507537688442211,101,100,100,0.0012424566184858
"y=0, z=0",0.5125628140703518,102,100,100,0.0011745991117426
"y=0, z=0",0.5175879396984925,103,100,100,0.0011261045174972
"y=0, z=0",0.5226130653266332,104,100,100,0.0010311269012357
"y=0, z=0",0.5276381909547738,105,100,100,0.0011236953533067
"y=0, z=0",0.5326633165829145,106,100,100,0.0009424294928145
"y=0, z=0",0.5376884422110553,107,100,100,0.0010745581777471
"y=0, z=0",0.542713567839196,108,100,100,0.0010845099363136
"y=0, z=0",0.5477386934673367,109,100,100,0.0010775684969683
"y=0, z=0",0.5527638190954773,110,100,100,0.0009970084260796
"y=0, z=0",0.5577889447236181,111,100,100,0.0009463382828894
"y=0, z=0",0.5628140703517588,112,100,100,0.000917791113177
"y=0, z=0",0.5678391959798995,113,100,100,0.0010290289917252
"y=0, z=0",0.5728643216080402,114,100,100,0.0010475523111019
"y=0, z=0",0.5778894472361809,115,100,100,0.0009471308184287
"y=0, z=0",0.5829145728643216,116,100,100,0.0008766856186127
"y=0, z=0",0.5879396984924623,117,100,100,0.0009713240746023
"y=0, z=0",0.592964824120603,118,100,100,0.0010059927443274
"y=0, z=0",0.5979899497487438,119,100,100,0.0009304637924128
"y=0, z=0",0.6030150753768844,120,100,100,0.0007798140183207
"y=0, z=0",0.6080402010050251,121,100,100,0.000840162188801
"y=0, z=0",0.6130653266331658,122,100,100,0.0008246025771073
"y=0, z=0",0.6180904522613065,123,100,100,0.0008560785794821
"y=0, z=0",0.6231155778894473,124,100,100,0.0007774225564788
"y=0, z=0",0.628140703517588,125,100,100,0.0008842751590596
"y=0, z=0",0.6331658291457286,126,100,100,0.0008997922572391
"y=0, z=0",0.6381909547738693,127,100,100,0.000766801286726
"y=0, z=0",0.6432160804020101,128,100,100,0.0008333213322488
"y=0, z=0",0.6482412060301508,129,100,100,0.0007718647717264
"y=0, z=0",0.6532663316582915,130,100,100,0.0007094087115139
"y=0, z=0",0.6582914572864321,131,100,100,0.000699798287681
"y=0, z=0",0.6633165829145728,132,100,100,0.0006948537011321
"y=0, z=0",0.6683417085427136,133,100,100,0.0006298509838422
"y=0, z=0",0.6733668341708543,134,100,100,0.0006348156144677
"y=0, z=0",0.678391959798995,135,100,100,0.0008119246847388
"y=0, z=0",0.6834170854271356,136,100,100,0.0008305660662355
"y=0, z=0",0.6884422110552764,137,100,100,0.0007533715324034
"y=0, z=0",0.6934673366834171,138,100,100,0.0006041348238928
"y=0, z=0",0.6984924623115578,139,100,100,0.0008218597166768
"y=0, z=0",0.7035175879396985,140,100,100,0.0007905735336585
"y=0, z=0",0.7085427135678392,141,100,100,0.0006247190869309
"y=0, z=0",0.7135678391959799,142,100,100,0.0006683931783337
"y=0, z=0",0.7185929648241206,143,100,100,0.0007357849042266
"y=0, z=0",0.7236180904522613,144,100,100,0.0006592618608984
"y=0, z=0",0.7286432160804021,145,100,100,0.0006642515814668
"y=0, z=0",0.7336683417085427,146,100,100,0.0006453018724502
"y=0, z=0",0.7386934673366834,147,100,100,0.0006488085264965
"y=0, z=0",0.7437185929648241,148,100,100,0.000562371080739
"y=0, z=0",0.7487437185929648,149,100,100,0.0005384348570911
"y=0, z=0",0.7537688442211056,150,100,100,0.0005469021552498
"y=0, z=0",0.7587939698492462,151,100,100,0.0005523125505267
"y=0, z=0",0.7638190954773869,152,100,100,0.0005849001488808
"y=0, z=0",0.7688442211055276,153,100,100,0.000609059784531
"y=0, z=0",0.7738693467336684,154,100,100,0.0006920308037839
"y=0, z=0",0.7788944723618091,155,100,100,0.000620339525895
"y=0, z=0",0.7839195979899497,156,100,100,0.0006203514854344
"y=0, z=0",0.7889447236180904,157,100,100,0.0006446351769132
"y=0, z=0",0.7939698492462312,158,100,100,0.0007043770628632
"y=0, z=0",0.7989949748743719,159,100,100,0.0006712619066441
"y=0, z=0",0.8040201005025126,160,100,100,0.0006204018883419
"y=0, z=0",0.8090452261306532,161,100,100,0.0005017917203742
"y=0, z=0",0.8140703517587939,162,100,100,0.0005171382905753
"y=0, z=0",0.8190954773869347,163,100,100,0.0005996385388672
"y=0, z=0",0.8241206030150754,164,100,100,0.0005320017957434
"y=0, z=0",0.8291457286432161,165,100,100,0.0005285295427965
"y=0, z=0",0.8341708542713567,166,100,100,0.0007274676439261
"y=0, z=0",0.8391959798994975,167,100,100,0.0005028155015534
"y=0, z=0",0.8442211055276382,168,100,100,0.0005219443806398
"y=0, z=0",0.8492462311557789,169,100,100,0.0004890277973795
"y=0, z=0",0.8542713567839196,170,100,100,0.0004668700603919
"y=0, z=0",0.8592964824120602,171,100,100,0.0004301495908956
"y=0, z=0",0.864321608040201,172,100,100,0.0005338149065249
"y=0, z=0",0.8693467336683417,173,100,100,0.0003848541037525
"y=0, z=0",0.8743718592964824,174,100,100,0.0004110082225932
"y=0, z=0",0.8793969849246231,175,100,100,0.0004429460750605
"y=0, z=0",0.8844221105527639,176,100,100,0.0003724804687577
"y=0, z=0",0.8894472361809045,177,100,100,0.0004143911832213
"y=0, z=0",0.8944723618090452,178,100,100,0.0005583525082253
"y=0, z=0",0.8994974874371859,179,100,100,0.0004491707504939
"y=0, z=0",0.9045226130653267,180,100,100,0.0004373296913528
"y=0, z=0",0.9095477386934674,181,100,100,0.0004285797968044
"y=0, z=0",0.914572864321608,182,100,100,0.0003714294510516
"y=0, z=0",0.9195979899497487,183,100,100,0.0004380494660578
"y=0, z=0",0.9246231155778895,184,100,100,0.0004239339478416
"y=0, z=0",0.9296482412060302,185,100,100,0.0003697582378359
"y=0, z=0",0.9346733668341709,186,100,100,0.0003221567340451
"y=0, z=0",0.9396984924623115,187,100,100,0.0003221036269994
"y=0, z=0",0.9447236180904522,188,100,100,0.0003238764823615
"y=0, z=0",0.949748743718593,189,100,100,0.0003580863964204
"y=0, z=0",0.9547738693467337,190,100,100,0.0003775780482027
"y=0, z=0",0.9597989949748744,191,100,100,0.0003343217601039
"y=0, z=0",0.964824120603015,192,100,100,0.0003045806993997
"y=0, z=0",0.9698492462311558,193,100,100,0.0002721645211108
"y=0, z=0",0.9748743718592965,194,100,100,0.0002537846604518
"y=0, z=0",0.9798994974874372,195,100,100,0.000193209398111
"y=0, z=0",0.9849246231155779,196,100,100,0.0001634266323462
"y=0, z=0",0.9899497487437185,197,100,100,0.0001710359102148
"y=0, z=0",0.9949748743718593,198,100,100,0.0001117822745527
"y=0, z=0",1.0,199,100,100,8.93889430017121e-05
