T/s,I_se/nA,Type
0.116,0.065,$\mathit{I}_\mathrm{EBIC}$
3.34,0.208,$\mathit{I}_\mathrm{EBIC}$
6.05,0.286,$\mathit{I}_\mathrm{EBIC}$
7.06,0.458,$\mathit{I}_\mathrm{EBIC}$
8.07,0.695,$\mathit{I}_\mathrm{EBIC}$
9.08,1.37,$\mathit{I}_\mathrm{EBIC}$
10.2,1.49,$\mathit{I}_\mathrm{EBIC}$
10.4,1.62,$\mathit{I}_\mathrm{EBIC}$
10.6,1.81,$\mathit{I}_\mathrm{EBIC}$
10.8,2,$\mathit{I}_\mathrm{EBIC}$
11,2.26,$\mathit{I}_\mathrm{EBIC}$
11.2,2.64,$\mathit{I}_\mathrm{EBIC}$
11.4,2.81,$\mathit{I}_\mathrm{EBIC}$
11.6,3.04,$\mathit{I}_\mathrm{EBIC}$
11.8,3.34,$\mathit{I}_\mathrm{EBIC}$
12,3.74,$\mathit{I}_\mathrm{EBIC}$
12.2,4.14,$\mathit{I}_\mathrm{EBIC}$
12.4,4.87,$\mathit{I}_\mathrm{EBIC}$
12.6,6.27,$\mathit{I}_\mathrm{EBIC}$
12.8,7.6,$\mathit{I}_\mathrm{EBIC}$
13,8.98,$\mathit{I}_\mathrm{EBIC}$
13.2,11.7,$\mathit{I}_\mathrm{EBIC}$
13.5,12.1,$\mathit{I}_\mathrm{EBIC}$
13.6,12.1,$\mathit{I}_\mathrm{EBIC}$
13.7,12.7,$\mathit{I}_\mathrm{EBIC}$
13.9,13.1,$\mathit{I}_\mathrm{EBIC}$
14,13.1,$\mathit{I}_\mathrm{EBIC}$
14.1,13.4,$\mathit{I}_\mathrm{EBIC}$
14.2,13.7,$\mathit{I}_\mathrm{EBIC}$
14.3,13.7,$\mathit{I}_\mathrm{EBIC}$
14.5,13.8,$\mathit{I}_\mathrm{EBIC}$
14.6,13.8,$\mathit{I}_\mathrm{EBIC}$
14.7,13.8,$\mathit{I}_\mathrm{EBIC}$
14.8,13.9,$\mathit{I}_\mathrm{EBIC}$
14.9,14.1,$\mathit{I}_\mathrm{EBIC}$
15.1,14.2,$\mathit{I}_\mathrm{EBIC}$
15.2,14.2,$\mathit{I}_\mathrm{EBIC}$
15.3,14.3,$\mathit{I}_\mathrm{EBIC}$
15.4,14.6,$\mathit{I}_\mathrm{EBIC}$
15.5,14.6,$\mathit{I}_\mathrm{EBIC}$
15.7,14.8,$\mathit{I}_\mathrm{EBIC}$
15.8,14.8,$\mathit{I}_\mathrm{EBIC}$
15.9,14.8,$\mathit{I}_\mathrm{EBIC}$
16,14.8,$\mathit{I}_\mathrm{EBIC}$
16.1,14.8,$\mathit{I}_\mathrm{EBIC}$
16.3,14.9,$\mathit{I}_\mathrm{EBIC}$
16.4,14.8,$\mathit{I}_\mathrm{EBIC}$
16.5,14.8,$\mathit{I}_\mathrm{EBIC}$
16.6,14.8,$\mathit{I}_\mathrm{EBIC}$
16.7,14.6,$\mathit{I}_\mathrm{EBIC}$
16.9,14.6,$\mathit{I}_\mathrm{EBIC}$
17,14.6,$\mathit{I}_\mathrm{EBIC}$
17.1,14.6,$\mathit{I}_\mathrm{EBIC}$
17.2,14.5,$\mathit{I}_\mathrm{EBIC}$
17.3,14.5,$\mathit{I}_\mathrm{EBIC}$
17.5,14.3,$\mathit{I}_\mathrm{EBIC}$
17.6,14,$\mathit{I}_\mathrm{EBIC}$
17.7,13.8,$\mathit{I}_\mathrm{EBIC}$
17.8,13.6,$\mathit{I}_\mathrm{EBIC}$
17.9,13,$\mathit{I}_\mathrm{EBIC}$
18.1,11.9,$\mathit{I}_\mathrm{EBIC}$
18.2,10.6,$\mathit{I}_\mathrm{EBIC}$
18.3,8.56,$\mathit{I}_\mathrm{EBIC}$
18.6,7.1,$\mathit{I}_\mathrm{EBIC}$
18.8,6.19,$\mathit{I}_\mathrm{EBIC}$
19,5.32,$\mathit{I}_\mathrm{EBIC}$
19.2,4.61,$\mathit{I}_\mathrm{EBIC}$
19.4,3.99,$\mathit{I}_\mathrm{EBIC}$
19.6,3.38,$\mathit{I}_\mathrm{EBIC}$
19.8,3,$\mathit{I}_\mathrm{EBIC}$
20,2.61,$\mathit{I}_\mathrm{EBIC}$
20.2,2.21,$\mathit{I}_\mathrm{EBIC}$
20.4,1.93,$\mathit{I}_\mathrm{EBIC}$
20.6,1.68,$\mathit{I}_\mathrm{EBIC}$
20.8,1.46,$\mathit{I}_\mathrm{EBIC}$
21,1.26,$\mathit{I}_\mathrm{EBIC}$
21.2,1.07,$\mathit{I}_\mathrm{EBIC}$
21.4,0.521,$\mathit{I}_\mathrm{EBIC}$
23,0.289,$\mathit{I}_\mathrm{EBIC}$
24,0.172,$\mathit{I}_\mathrm{EBIC}$
25,0.0332,$\mathit{I}_\mathrm{EBIC}$
27.7,-0.0566,$\mathit{I}_\mathrm{EBIC}$
29,-0.075,$\mathit{I}_\mathrm{EBIC}$
30.3,-0.0684,$\mathit{I}_\mathrm{EBIC}$
31.6,-0.0767,$\mathit{I}_\mathrm{EBIC}$
32.9,-0.0669,$\mathit{I}_\mathrm{EBIC}$
6.05,0.973449,$\mathit{I}_\mathrm{PE}$
6.066666667,0.963461,$\mathit{I}_\mathrm{PE}$
6.083333333,0.981805,$\mathit{I}_\mathrm{PE}$
6.1,0.964003,$\mathit{I}_\mathrm{PE}$
6.116666667,0.988302,$\mathit{I}_\mathrm{PE}$
6.133333333,1.03218,$\mathit{I}_\mathrm{PE}$
6.15,1.00807,$\mathit{I}_\mathrm{PE}$
6.166666667,1.02683,$\mathit{I}_\mathrm{PE}$
6.183333333,1.03859,$\mathit{I}_\mathrm{PE}$
6.2,1.05841,$\mathit{I}_\mathrm{PE}$
6.216666667,1.03105,$\mathit{I}_\mathrm{PE}$
6.233333333,1.04643,$\mathit{I}_\mathrm{PE}$
6.25,1.11565,$\mathit{I}_\mathrm{PE}$
6.266666667,1.10861,$\mathit{I}_\mathrm{PE}$
6.283333333,1.13139,$\mathit{I}_\mathrm{PE}$
6.3,1.08799,$\mathit{I}_\mathrm{PE}$
6.316666667,1.15481,$\mathit{I}_\mathrm{PE}$
6.333333333,1.13957,$\mathit{I}_\mathrm{PE}$
6.35,1.16222,$\mathit{I}_\mathrm{PE}$
6.366666667,1.15226,$\mathit{I}_\mathrm{PE}$
6.383333333,1.13986,$\mathit{I}_\mathrm{PE}$
6.4,1.18058,$\mathit{I}_\mathrm{PE}$
6.416666667,1.15087,$\mathit{I}_\mathrm{PE}$
6.433333333,1.21542,$\mathit{I}_\mathrm{PE}$
6.45,1.20608,$\mathit{I}_\mathrm{PE}$
6.466666667,1.20719,$\mathit{I}_\mathrm{PE}$
6.483333333,1.21796,$\mathit{I}_\mathrm{PE}$
6.5,1.24456,$\mathit{I}_\mathrm{PE}$
6.516666667,1.22573,$\mathit{I}_\mathrm{PE}$
6.533333333,1.22954,$\mathit{I}_\mathrm{PE}$
6.55,1.2281,$\mathit{I}_\mathrm{PE}$
6.566666667,1.27492,$\mathit{I}_\mathrm{PE}$
6.583333333,1.29655,$\mathit{I}_\mathrm{PE}$
6.6,1.31791,$\mathit{I}_\mathrm{PE}$
6.616666667,1.30811,$\mathit{I}_\mathrm{PE}$
6.633333333,1.32408,$\mathit{I}_\mathrm{PE}$
6.65,1.29564,$\mathit{I}_\mathrm{PE}$
6.666666667,1.28702,$\mathit{I}_\mathrm{PE}$
6.683333333,1.34129,$\mathit{I}_\mathrm{PE}$
6.7,1.3275,$\mathit{I}_\mathrm{PE}$
6.716666667,1.34413,$\mathit{I}_\mathrm{PE}$
6.733333333,1.39175,$\mathit{I}_\mathrm{PE}$
6.75,1.35399,$\mathit{I}_\mathrm{PE}$
6.766666667,1.3351,$\mathit{I}_\mathrm{PE}$
6.783333333,1.34006,$\mathit{I}_\mathrm{PE}$
6.8,1.3638,$\mathit{I}_\mathrm{PE}$
6.816666667,1.3667,$\mathit{I}_\mathrm{PE}$
6.833333333,1.38982,$\mathit{I}_\mathrm{PE}$
6.85,1.42932,$\mathit{I}_\mathrm{PE}$
6.866666667,1.45367,$\mathit{I}_\mathrm{PE}$
6.883333333,1.48065,$\mathit{I}_\mathrm{PE}$
6.9,1.45725,$\mathit{I}_\mathrm{PE}$
6.916666667,1.42114,$\mathit{I}_\mathrm{PE}$
6.933333333,1.51692,$\mathit{I}_\mathrm{PE}$
6.95,1.43785,$\mathit{I}_\mathrm{PE}$
6.966666667,1.44217,$\mathit{I}_\mathrm{PE}$
6.983333333,1.50461,$\mathit{I}_\mathrm{PE}$
7,1.47072,$\mathit{I}_\mathrm{PE}$
7.016666667,1.53802,$\mathit{I}_\mathrm{PE}$
7.033333333,1.51714,$\mathit{I}_\mathrm{PE}$
7.05,1.58272,$\mathit{I}_\mathrm{PE}$
7.066666667,1.59696,$\mathit{I}_\mathrm{PE}$
7.083333333,1.53021,$\mathit{I}_\mathrm{PE}$
7.1,1.58717,$\mathit{I}_\mathrm{PE}$
7.116666667,1.59407,$\mathit{I}_\mathrm{PE}$
7.133333333,1.60109,$\mathit{I}_\mathrm{PE}$
7.15,1.57202,$\mathit{I}_\mathrm{PE}$
7.166666667,1.64661,$\mathit{I}_\mathrm{PE}$
7.183333333,1.69659,$\mathit{I}_\mathrm{PE}$
7.2,1.69323,$\mathit{I}_\mathrm{PE}$
7.216666667,1.70656,$\mathit{I}_\mathrm{PE}$
7.233333333,1.6625,$\mathit{I}_\mathrm{PE}$
7.25,1.65932,$\mathit{I}_\mathrm{PE}$
7.266666667,1.72126,$\mathit{I}_\mathrm{PE}$
7.283333333,1.77365,$\mathit{I}_\mathrm{PE}$
7.3,1.72142,$\mathit{I}_\mathrm{PE}$
7.316666667,1.75073,$\mathit{I}_\mathrm{PE}$
7.333333333,1.76036,$\mathit{I}_\mathrm{PE}$
7.35,1.82081,$\mathit{I}_\mathrm{PE}$
7.366666667,1.82305,$\mathit{I}_\mathrm{PE}$
7.383333333,1.84861,$\mathit{I}_\mathrm{PE}$
7.4,1.85631,$\mathit{I}_\mathrm{PE}$
7.416666667,1.87348,$\mathit{I}_\mathrm{PE}$
7.433333333,1.81616,$\mathit{I}_\mathrm{PE}$
7.45,1.9098,$\mathit{I}_\mathrm{PE}$
7.466666667,1.81367,$\mathit{I}_\mathrm{PE}$
7.483333333,1.91156,$\mathit{I}_\mathrm{PE}$
7.5,1.84226,$\mathit{I}_\mathrm{PE}$
7.516666667,1.95406,$\mathit{I}_\mathrm{PE}$
7.533333333,1.94958,$\mathit{I}_\mathrm{PE}$
7.55,1.90477,$\mathit{I}_\mathrm{PE}$
7.566666667,1.92558,$\mathit{I}_\mathrm{PE}$
7.583333333,1.97557,$\mathit{I}_\mathrm{PE}$
7.6,1.96606,$\mathit{I}_\mathrm{PE}$
7.616666667,2.02146,$\mathit{I}_\mathrm{PE}$
7.633333333,1.97632,$\mathit{I}_\mathrm{PE}$
7.65,2.07152,$\mathit{I}_\mathrm{PE}$
7.666666667,1.97378,$\mathit{I}_\mathrm{PE}$
7.683333333,1.98944,$\mathit{I}_\mathrm{PE}$
7.7,2.03843,$\mathit{I}_\mathrm{PE}$
7.716666667,2.11865,$\mathit{I}_\mathrm{PE}$
7.733333333,2.06591,$\mathit{I}_\mathrm{PE}$
7.75,2.0756,$\mathit{I}_\mathrm{PE}$
7.766666667,2.03722,$\mathit{I}_\mathrm{PE}$
7.783333333,2.13498,$\mathit{I}_\mathrm{PE}$
7.8,2.09568,$\mathit{I}_\mathrm{PE}$
7.816666667,2.12044,$\mathit{I}_\mathrm{PE}$
7.833333333,2.0904,$\mathit{I}_\mathrm{PE}$
7.85,2.22104,$\mathit{I}_\mathrm{PE}$
7.866666667,2.11959,$\mathit{I}_\mathrm{PE}$
7.883333333,2.13796,$\mathit{I}_\mathrm{PE}$
7.9,2.19269,$\mathit{I}_\mathrm{PE}$
7.916666667,2.24417,$\mathit{I}_\mathrm{PE}$
7.933333333,2.28702,$\mathit{I}_\mathrm{PE}$
7.95,2.22538,$\mathit{I}_\mathrm{PE}$
7.966666667,2.25391,$\mathit{I}_\mathrm{PE}$
7.983333333,2.2343,$\mathit{I}_\mathrm{PE}$
8,2.22127,$\mathit{I}_\mathrm{PE}$
8.016666667,2.26857,$\mathit{I}_\mathrm{PE}$
8.033333333,2.35573,$\mathit{I}_\mathrm{PE}$
8.05,2.26688,$\mathit{I}_\mathrm{PE}$
8.066666667,2.32515,$\mathit{I}_\mathrm{PE}$
8.083333333,2.32769,$\mathit{I}_\mathrm{PE}$
8.1,2.42999,$\mathit{I}_\mathrm{PE}$
8.116666667,2.49074,$\mathit{I}_\mathrm{PE}$
8.133333333,2.54134,$\mathit{I}_\mathrm{PE}$
8.15,2.49407,$\mathit{I}_\mathrm{PE}$
8.166666667,2.63979,$\mathit{I}_\mathrm{PE}$
8.183333333,2.54405,$\mathit{I}_\mathrm{PE}$
8.2,2.62457,$\mathit{I}_\mathrm{PE}$
8.216666667,2.66752,$\mathit{I}_\mathrm{PE}$
8.233333333,2.70498,$\mathit{I}_\mathrm{PE}$
8.25,2.73294,$\mathit{I}_\mathrm{PE}$
8.266666667,2.76637,$\mathit{I}_\mathrm{PE}$
8.283333333,2.86035,$\mathit{I}_\mathrm{PE}$
8.3,2.85664,$\mathit{I}_\mathrm{PE}$
8.316666667,2.9272,$\mathit{I}_\mathrm{PE}$
8.333333333,2.84267,$\mathit{I}_\mathrm{PE}$
8.35,3.02269,$\mathit{I}_\mathrm{PE}$
8.366666667,2.92963,$\mathit{I}_\mathrm{PE}$
8.383333333,3.00036,$\mathit{I}_\mathrm{PE}$
8.4,3.16043,$\mathit{I}_\mathrm{PE}$
8.416666667,3.14027,$\mathit{I}_\mathrm{PE}$
8.433333333,3.08172,$\mathit{I}_\mathrm{PE}$
8.45,3.14546,$\mathit{I}_\mathrm{PE}$
8.466666667,3.16025,$\mathit{I}_\mathrm{PE}$
8.483333333,3.20707,$\mathit{I}_\mathrm{PE}$
8.5,3.37093,$\mathit{I}_\mathrm{PE}$
8.516666667,3.38287,$\mathit{I}_\mathrm{PE}$
8.533333333,3.48875,$\mathit{I}_\mathrm{PE}$
8.55,3.34452,$\mathit{I}_\mathrm{PE}$
8.566666667,3.46191,$\mathit{I}_\mathrm{PE}$
8.583333333,3.41434,$\mathit{I}_\mathrm{PE}$
8.6,3.45149,$\mathit{I}_\mathrm{PE}$
8.616666667,3.45511,$\mathit{I}_\mathrm{PE}$
8.633333333,3.58475,$\mathit{I}_\mathrm{PE}$
8.65,3.59475,$\mathit{I}_\mathrm{PE}$
8.666666667,3.67154,$\mathit{I}_\mathrm{PE}$
8.683333333,3.78985,$\mathit{I}_\mathrm{PE}$
8.7,3.66039,$\mathit{I}_\mathrm{PE}$
8.716666667,3.80324,$\mathit{I}_\mathrm{PE}$
8.733333333,3.9348,$\mathit{I}_\mathrm{PE}$
8.75,3.90933,$\mathit{I}_\mathrm{PE}$
8.766666667,3.87397,$\mathit{I}_\mathrm{PE}$
8.783333333,3.91711,$\mathit{I}_\mathrm{PE}$
8.8,4.09096,$\mathit{I}_\mathrm{PE}$
8.816666667,4.0667,$\mathit{I}_\mathrm{PE}$
8.833333333,4.17065,$\mathit{I}_\mathrm{PE}$
8.85,4.14023,$\mathit{I}_\mathrm{PE}$
8.866666667,3.98433,$\mathit{I}_\mathrm{PE}$
8.883333333,4.01918,$\mathit{I}_\mathrm{PE}$
8.9,4.22996,$\mathit{I}_\mathrm{PE}$
8.916666667,4.20193,$\mathit{I}_\mathrm{PE}$
8.933333333,4.16273,$\mathit{I}_\mathrm{PE}$
8.95,4.39718,$\mathit{I}_\mathrm{PE}$
8.966666667,4.2216,$\mathit{I}_\mathrm{PE}$
8.983333333,4.307,$\mathit{I}_\mathrm{PE}$
9,4.52953,$\mathit{I}_\mathrm{PE}$
9.016666667,4.46149,$\mathit{I}_\mathrm{PE}$
9.033333333,4.54646,$\mathit{I}_\mathrm{PE}$
9.05,4.4074,$\mathit{I}_\mathrm{PE}$
9.066666667,4.55019,$\mathit{I}_\mathrm{PE}$
9.083333333,4.55411,$\mathit{I}_\mathrm{PE}$
9.1,4.46097,$\mathit{I}_\mathrm{PE}$
9.116666667,4.55832,$\mathit{I}_\mathrm{PE}$
9.133333333,4.70943,$\mathit{I}_\mathrm{PE}$
9.15,4.51331,$\mathit{I}_\mathrm{PE}$
9.166666667,4.71423,$\mathit{I}_\mathrm{PE}$
9.183333333,4.77771,$\mathit{I}_\mathrm{PE}$
9.2,4.58254,$\mathit{I}_\mathrm{PE}$
9.216666667,4.5707,$\mathit{I}_\mathrm{PE}$
9.233333333,4.62349,$\mathit{I}_\mathrm{PE}$
9.25,4.5054,$\mathit{I}_\mathrm{PE}$
9.266666667,4.53323,$\mathit{I}_\mathrm{PE}$
9.283333333,4.70759,$\mathit{I}_\mathrm{PE}$
9.3,4.62017,$\mathit{I}_\mathrm{PE}$
9.316666667,4.82644,$\mathit{I}_\mathrm{PE}$
9.333333333,4.69217,$\mathit{I}_\mathrm{PE}$
9.35,4.81461,$\mathit{I}_\mathrm{PE}$
9.366666667,4.75793,$\mathit{I}_\mathrm{PE}$
9.383333333,4.67276,$\mathit{I}_\mathrm{PE}$
9.4,4.64745,$\mathit{I}_\mathrm{PE}$
9.416666667,4.76138,$\mathit{I}_\mathrm{PE}$
9.433333333,4.86967,$\mathit{I}_\mathrm{PE}$
9.45,4.71986,$\mathit{I}_\mathrm{PE}$
9.466666667,4.73815,$\mathit{I}_\mathrm{PE}$
9.483333333,4.65527,$\mathit{I}_\mathrm{PE}$
9.5,4.82731,$\mathit{I}_\mathrm{PE}$
9.516666667,4.74959,$\mathit{I}_\mathrm{PE}$
9.533333333,4.61108,$\mathit{I}_\mathrm{PE}$
9.55,4.89657,$\mathit{I}_\mathrm{PE}$
9.566666667,4.85252,$\mathit{I}_\mathrm{PE}$
9.583333333,4.69643,$\mathit{I}_\mathrm{PE}$
9.6,4.69534,$\mathit{I}_\mathrm{PE}$
9.616666667,4.92622,$\mathit{I}_\mathrm{PE}$
9.633333333,4.77247,$\mathit{I}_\mathrm{PE}$
9.65,4.72219,$\mathit{I}_\mathrm{PE}$
9.666666667,4.66653,$\mathit{I}_\mathrm{PE}$
9.683333333,4.74612,$\mathit{I}_\mathrm{PE}$
9.7,4.77169,$\mathit{I}_\mathrm{PE}$
9.716666667,4.89597,$\mathit{I}_\mathrm{PE}$
9.733333333,4.80407,$\mathit{I}_\mathrm{PE}$
9.75,4.703,$\mathit{I}_\mathrm{PE}$
9.766666667,4.73854,$\mathit{I}_\mathrm{PE}$
9.783333333,4.76551,$\mathit{I}_\mathrm{PE}$
9.8,4.99241,$\mathit{I}_\mathrm{PE}$
9.816666667,4.91655,$\mathit{I}_\mathrm{PE}$
9.833333333,4.73023,$\mathit{I}_\mathrm{PE}$
9.85,4.81428,$\mathit{I}_\mathrm{PE}$
9.866666667,5.0116,$\mathit{I}_\mathrm{PE}$
9.883333333,4.97809,$\mathit{I}_\mathrm{PE}$
9.9,4.84831,$\mathit{I}_\mathrm{PE}$
9.916666667,4.93761,$\mathit{I}_\mathrm{PE}$
9.933333333,4.84719,$\mathit{I}_\mathrm{PE}$
9.95,5.01076,$\mathit{I}_\mathrm{PE}$
9.966666667,5.04649,$\mathit{I}_\mathrm{PE}$
9.983333333,4.8976,$\mathit{I}_\mathrm{PE}$
10,5.01259,$\mathit{I}_\mathrm{PE}$
10.01666667,4.96954,$\mathit{I}_\mathrm{PE}$
10.03333333,4.93571,$\mathit{I}_\mathrm{PE}$
10.05,4.82457,$\mathit{I}_\mathrm{PE}$
10.06666667,4.82141,$\mathit{I}_\mathrm{PE}$
10.08333333,4.9779,$\mathit{I}_\mathrm{PE}$
10.1,5.08935,$\mathit{I}_\mathrm{PE}$
10.11666667,5.01604,$\mathit{I}_\mathrm{PE}$
10.13333333,4.84552,$\mathit{I}_\mathrm{PE}$
10.15,4.87025,$\mathit{I}_\mathrm{PE}$
10.16666667,5.06375,$\mathit{I}_\mathrm{PE}$
10.18333333,5.145,$\mathit{I}_\mathrm{PE}$
10.2,5.09902,$\mathit{I}_\mathrm{PE}$
10.21666667,4.91791,$\mathit{I}_\mathrm{PE}$
10.23333333,4.93228,$\mathit{I}_\mathrm{PE}$
10.25,5.00573,$\mathit{I}_\mathrm{PE}$
10.26666667,5.132,$\mathit{I}_\mathrm{PE}$
10.28333333,5.22894,$\mathit{I}_\mathrm{PE}$
10.3,5.03046,$\mathit{I}_\mathrm{PE}$
10.31666667,5.08669,$\mathit{I}_\mathrm{PE}$
10.33333333,5.36508,$\mathit{I}_\mathrm{PE}$
10.35,5.17997,$\mathit{I}_\mathrm{PE}$
10.36666667,5.22874,$\mathit{I}_\mathrm{PE}$
10.38333333,5.38477,$\mathit{I}_\mathrm{PE}$
10.4,5.34421,$\mathit{I}_\mathrm{PE}$
10.41666667,5.28535,$\mathit{I}_\mathrm{PE}$
10.43333333,5.34683,$\mathit{I}_\mathrm{PE}$
10.45,5.6773,$\mathit{I}_\mathrm{PE}$
10.46666667,5.4365,$\mathit{I}_\mathrm{PE}$
10.48333333,5.66223,$\mathit{I}_\mathrm{PE}$
10.5,5.5131,$\mathit{I}_\mathrm{PE}$
10.51666667,5.7476,$\mathit{I}_\mathrm{PE}$
10.53333333,5.63783,$\mathit{I}_\mathrm{PE}$
10.55,6.00768,$\mathit{I}_\mathrm{PE}$
10.56666667,5.80563,$\mathit{I}_\mathrm{PE}$
10.58333333,6.07083,$\mathit{I}_\mathrm{PE}$
10.6,5.91938,$\mathit{I}_\mathrm{PE}$
10.61666667,6.008,$\mathit{I}_\mathrm{PE}$
10.63333333,6.26818,$\mathit{I}_\mathrm{PE}$
10.65,6.19789,$\mathit{I}_\mathrm{PE}$
10.66666667,6.20701,$\mathit{I}_\mathrm{PE}$
10.68333333,6.30425,$\mathit{I}_\mathrm{PE}$
10.7,6.11809,$\mathit{I}_\mathrm{PE}$
10.71666667,6.31258,$\mathit{I}_\mathrm{PE}$
10.73333333,6.3247,$\mathit{I}_\mathrm{PE}$
10.75,6.426,$\mathit{I}_\mathrm{PE}$
10.76666667,6.61982,$\mathit{I}_\mathrm{PE}$
10.78333333,6.71643,$\mathit{I}_\mathrm{PE}$
10.8,6.8062,$\mathit{I}_\mathrm{PE}$
10.81666667,6.6178,$\mathit{I}_\mathrm{PE}$
10.83333333,6.8818,$\mathit{I}_\mathrm{PE}$
10.85,6.7742,$\mathit{I}_\mathrm{PE}$
10.86666667,6.76622,$\mathit{I}_\mathrm{PE}$
10.88333333,7.17008,$\mathit{I}_\mathrm{PE}$
10.9,7.04707,$\mathit{I}_\mathrm{PE}$
10.91666667,7.21675,$\mathit{I}_\mathrm{PE}$
10.93333333,7.20199,$\mathit{I}_\mathrm{PE}$
10.95,7.3741,$\mathit{I}_\mathrm{PE}$
10.96666667,7.54844,$\mathit{I}_\mathrm{PE}$
10.98333333,7.35041,$\mathit{I}_\mathrm{PE}$
11,7.52126,$\mathit{I}_\mathrm{PE}$
11.01666667,7.32394,$\mathit{I}_\mathrm{PE}$
11.03333333,7.8294,$\mathit{I}_\mathrm{PE}$
11.05,7.68755,$\mathit{I}_\mathrm{PE}$
11.06666667,8.05434,$\mathit{I}_\mathrm{PE}$
11.08333333,7.79671,$\mathit{I}_\mathrm{PE}$
11.1,7.86651,$\mathit{I}_\mathrm{PE}$
11.11666667,8.13846,$\mathit{I}_\mathrm{PE}$
11.13333333,8.26873,$\mathit{I}_\mathrm{PE}$
11.15,8.52322,$\mathit{I}_\mathrm{PE}$
11.16666667,8.54697,$\mathit{I}_\mathrm{PE}$
11.18333333,8.36532,$\mathit{I}_\mathrm{PE}$
11.2,8.92633,$\mathit{I}_\mathrm{PE}$
11.21666667,8.97263,$\mathit{I}_\mathrm{PE}$
11.23333333,8.87958,$\mathit{I}_\mathrm{PE}$
11.25,9.14114,$\mathit{I}_\mathrm{PE}$
11.26666667,9.06267,$\mathit{I}_\mathrm{PE}$
11.28333333,8.79684,$\mathit{I}_\mathrm{PE}$
11.3,9.31134,$\mathit{I}_\mathrm{PE}$
11.31666667,8.9578,$\mathit{I}_\mathrm{PE}$
11.33333333,9.31961,$\mathit{I}_\mathrm{PE}$
11.35,9.51633,$\mathit{I}_\mathrm{PE}$
11.36666667,9.23259,$\mathit{I}_\mathrm{PE}$
11.38333333,9.01814,$\mathit{I}_\mathrm{PE}$
11.4,9.37786,$\mathit{I}_\mathrm{PE}$
11.41666667,9.50912,$\mathit{I}_\mathrm{PE}$
11.43333333,9.29373,$\mathit{I}_\mathrm{PE}$
11.45,9.6401,$\mathit{I}_\mathrm{PE}$
11.46666667,9.45983,$\mathit{I}_\mathrm{PE}$
11.48333333,9.72164,$\mathit{I}_\mathrm{PE}$
11.5,9.68114,$\mathit{I}_\mathrm{PE}$
11.51666667,9.72054,$\mathit{I}_\mathrm{PE}$
11.53333333,9.64755,$\mathit{I}_\mathrm{PE}$
11.55,9.633,$\mathit{I}_\mathrm{PE}$
11.56666667,10.1795,$\mathit{I}_\mathrm{PE}$
11.58333333,10.0052,$\mathit{I}_\mathrm{PE}$
11.6,10.3959,$\mathit{I}_\mathrm{PE}$
11.61666667,10.4048,$\mathit{I}_\mathrm{PE}$
11.63333333,10.4082,$\mathit{I}_\mathrm{PE}$
11.65,10.3235,$\mathit{I}_\mathrm{PE}$
11.66666667,10.1381,$\mathit{I}_\mathrm{PE}$
11.68333333,10.825,$\mathit{I}_\mathrm{PE}$
11.7,10.8821,$\mathit{I}_\mathrm{PE}$
11.71666667,10.3803,$\mathit{I}_\mathrm{PE}$
11.73333333,10.933,$\mathit{I}_\mathrm{PE}$
11.75,10.7981,$\mathit{I}_\mathrm{PE}$
11.76666667,11.2053,$\mathit{I}_\mathrm{PE}$
11.78333333,10.8087,$\mathit{I}_\mathrm{PE}$
11.8,10.8697,$\mathit{I}_\mathrm{PE}$
11.81666667,10.8014,$\mathit{I}_\mathrm{PE}$
11.83333333,11.035,$\mathit{I}_\mathrm{PE}$
11.85,11.5964,$\mathit{I}_\mathrm{PE}$
11.86666667,11.7234,$\mathit{I}_\mathrm{PE}$
11.88333333,11.789,$\mathit{I}_\mathrm{PE}$
11.9,11.3498,$\mathit{I}_\mathrm{PE}$
11.91666667,11.8537,$\mathit{I}_\mathrm{PE}$
11.93333333,11.5453,$\mathit{I}_\mathrm{PE}$
11.95,11.6407,$\mathit{I}_\mathrm{PE}$
11.96666667,11.8033,$\mathit{I}_\mathrm{PE}$
11.98333333,12.4428,$\mathit{I}_\mathrm{PE}$
12,12.3403,$\mathit{I}_\mathrm{PE}$
12.01666667,12.1935,$\mathit{I}_\mathrm{PE}$
12.03333333,12.3341,$\mathit{I}_\mathrm{PE}$
12.05,12.7285,$\mathit{I}_\mathrm{PE}$
12.06666667,13.0956,$\mathit{I}_\mathrm{PE}$
12.08333333,12.6242,$\mathit{I}_\mathrm{PE}$
12.1,13.2837,$\mathit{I}_\mathrm{PE}$
12.11666667,13.3641,$\mathit{I}_\mathrm{PE}$
12.13333333,12.837,$\mathit{I}_\mathrm{PE}$
12.15,13.1892,$\mathit{I}_\mathrm{PE}$
12.16666667,13.7301,$\mathit{I}_\mathrm{PE}$
12.18333333,13.4776,$\mathit{I}_\mathrm{PE}$
12.2,13.8369,$\mathit{I}_\mathrm{PE}$
12.21666667,13.4126,$\mathit{I}_\mathrm{PE}$
12.23333333,13.6408,$\mathit{I}_\mathrm{PE}$
12.25,13.7528,$\mathit{I}_\mathrm{PE}$
12.26666667,14.4,$\mathit{I}_\mathrm{PE}$
12.28333333,15.0159,$\mathit{I}_\mathrm{PE}$
12.3,14.8002,$\mathit{I}_\mathrm{PE}$
12.31666667,15.3879,$\mathit{I}_\mathrm{PE}$
12.33333333,15.5921,$\mathit{I}_\mathrm{PE}$
12.35,15.5895,$\mathit{I}_\mathrm{PE}$
12.36666667,15.7138,$\mathit{I}_\mathrm{PE}$
12.38333333,15.8178,$\mathit{I}_\mathrm{PE}$
12.4,15.9956,$\mathit{I}_\mathrm{PE}$
12.41666667,16.2152,$\mathit{I}_\mathrm{PE}$
12.43333333,16.1389,$\mathit{I}_\mathrm{PE}$
12.45,16.8243,$\mathit{I}_\mathrm{PE}$
12.46666667,17.3591,$\mathit{I}_\mathrm{PE}$
12.48333333,17.4007,$\mathit{I}_\mathrm{PE}$
12.5,17.5497,$\mathit{I}_\mathrm{PE}$
12.51666667,17.9234,$\mathit{I}_\mathrm{PE}$
12.53333333,18.1649,$\mathit{I}_\mathrm{PE}$
12.55,19.5584,$\mathit{I}_\mathrm{PE}$
12.56666667,19.3041,$\mathit{I}_\mathrm{PE}$
12.58333333,20.1612,$\mathit{I}_\mathrm{PE}$
12.6,20.3818,$\mathit{I}_\mathrm{PE}$
12.61666667,20.4079,$\mathit{I}_\mathrm{PE}$
12.63333333,21.5706,$\mathit{I}_\mathrm{PE}$
12.65,21.9421,$\mathit{I}_\mathrm{PE}$
12.66666667,21.5977,$\mathit{I}_\mathrm{PE}$
12.68333333,22.741,$\mathit{I}_\mathrm{PE}$
12.7,22.1507,$\mathit{I}_\mathrm{PE}$
12.71666667,23.407,$\mathit{I}_\mathrm{PE}$
12.73333333,23.3392,$\mathit{I}_\mathrm{PE}$
12.75,23.8924,$\mathit{I}_\mathrm{PE}$
12.76666667,24.5428,$\mathit{I}_\mathrm{PE}$
12.78333333,24.0245,$\mathit{I}_\mathrm{PE}$
12.8,24.9571,$\mathit{I}_\mathrm{PE}$
12.81666667,25.8248,$\mathit{I}_\mathrm{PE}$
12.83333333,25.8475,$\mathit{I}_\mathrm{PE}$
12.85,25.4017,$\mathit{I}_\mathrm{PE}$
12.86666667,25.51,$\mathit{I}_\mathrm{PE}$
12.88333333,26.0826,$\mathit{I}_\mathrm{PE}$
12.9,26.6411,$\mathit{I}_\mathrm{PE}$
12.91666667,27.2902,$\mathit{I}_\mathrm{PE}$
12.93333333,27.9485,$\mathit{I}_\mathrm{PE}$
12.95,28.8726,$\mathit{I}_\mathrm{PE}$
12.96666667,28.6033,$\mathit{I}_\mathrm{PE}$
12.98333333,28.6677,$\mathit{I}_\mathrm{PE}$
13,29.6746,$\mathit{I}_\mathrm{PE}$
13.01666667,30.0951,$\mathit{I}_\mathrm{PE}$
13.03333333,30.0054,$\mathit{I}_\mathrm{PE}$
13.05,30.4504,$\mathit{I}_\mathrm{PE}$
13.06666667,32.3144,$\mathit{I}_\mathrm{PE}$
13.08333333,32.245,$\mathit{I}_\mathrm{PE}$
13.1,34.3537,$\mathit{I}_\mathrm{PE}$
13.11666667,34.6283,$\mathit{I}_\mathrm{PE}$
13.13333333,34.8456,$\mathit{I}_\mathrm{PE}$
13.15,36.1729,$\mathit{I}_\mathrm{PE}$
13.16666667,36.5179,$\mathit{I}_\mathrm{PE}$
13.18333333,37.678,$\mathit{I}_\mathrm{PE}$
13.2,38.2759,$\mathit{I}_\mathrm{PE}$
13.21666667,39.0371,$\mathit{I}_\mathrm{PE}$
13.23333333,38.2795,$\mathit{I}_\mathrm{PE}$
13.25,40.8195,$\mathit{I}_\mathrm{PE}$
13.26666667,40.7873,$\mathit{I}_\mathrm{PE}$
13.28333333,40.7606,$\mathit{I}_\mathrm{PE}$
13.3,39.974,$\mathit{I}_\mathrm{PE}$
13.31666667,41.009,$\mathit{I}_\mathrm{PE}$
13.33333333,38.6971,$\mathit{I}_\mathrm{PE}$
13.35,39.5602,$\mathit{I}_\mathrm{PE}$
13.36666667,40.6878,$\mathit{I}_\mathrm{PE}$
13.38333333,41.1274,$\mathit{I}_\mathrm{PE}$
13.4,41.2842,$\mathit{I}_\mathrm{PE}$
13.41666667,41.0772,$\mathit{I}_\mathrm{PE}$
13.43333333,40.8074,$\mathit{I}_\mathrm{PE}$
13.45,41.496,$\mathit{I}_\mathrm{PE}$
13.46666667,40.5965,$\mathit{I}_\mathrm{PE}$
13.48333333,40.3754,$\mathit{I}_\mathrm{PE}$
13.5,41.6299,$\mathit{I}_\mathrm{PE}$
13.51666667,40.4959,$\mathit{I}_\mathrm{PE}$
13.53333333,39.8655,$\mathit{I}_\mathrm{PE}$
13.55,41.1436,$\mathit{I}_\mathrm{PE}$
13.56666667,40.1222,$\mathit{I}_\mathrm{PE}$
13.58333333,39.4536,$\mathit{I}_\mathrm{PE}$
13.6,40.0505,$\mathit{I}_\mathrm{PE}$
13.61666667,41.5472,$\mathit{I}_\mathrm{PE}$
13.63333333,41.4661,$\mathit{I}_\mathrm{PE}$
13.65,41.0328,$\mathit{I}_\mathrm{PE}$
13.66666667,40.8099,$\mathit{I}_\mathrm{PE}$
13.68333333,42.7199,$\mathit{I}_\mathrm{PE}$
13.7,42.2223,$\mathit{I}_\mathrm{PE}$
13.71666667,43.9884,$\mathit{I}_\mathrm{PE}$
13.73333333,43.4784,$\mathit{I}_\mathrm{PE}$
13.75,41.9526,$\mathit{I}_\mathrm{PE}$
13.76666667,42.9136,$\mathit{I}_\mathrm{PE}$
13.78333333,43.6467,$\mathit{I}_\mathrm{PE}$
13.8,44.5824,$\mathit{I}_\mathrm{PE}$
13.81666667,43.6104,$\mathit{I}_\mathrm{PE}$
13.83333333,45.1038,$\mathit{I}_\mathrm{PE}$
13.85,43.9617,$\mathit{I}_\mathrm{PE}$
13.86666667,45.4155,$\mathit{I}_\mathrm{PE}$
13.88333333,44.107,$\mathit{I}_\mathrm{PE}$
13.9,42.8107,$\mathit{I}_\mathrm{PE}$
13.91666667,43.5366,$\mathit{I}_\mathrm{PE}$
13.93333333,44.9845,$\mathit{I}_\mathrm{PE}$
13.95,43.7894,$\mathit{I}_\mathrm{PE}$
13.96666667,44.6465,$\mathit{I}_\mathrm{PE}$
13.98333333,42.7485,$\mathit{I}_\mathrm{PE}$
14,43.8914,$\mathit{I}_\mathrm{PE}$
14.01666667,45.1224,$\mathit{I}_\mathrm{PE}$
14.03333333,45.091,$\mathit{I}_\mathrm{PE}$
14.05,45.5194,$\mathit{I}_\mathrm{PE}$
14.06666667,44.726,$\mathit{I}_\mathrm{PE}$
14.08333333,46.3851,$\mathit{I}_\mathrm{PE}$
14.1,44.8848,$\mathit{I}_\mathrm{PE}$
14.11666667,44.8488,$\mathit{I}_\mathrm{PE}$
14.13333333,44.2207,$\mathit{I}_\mathrm{PE}$
14.15,44.8527,$\mathit{I}_\mathrm{PE}$
14.16666667,44.3139,$\mathit{I}_\mathrm{PE}$
14.18333333,44.39,$\mathit{I}_\mathrm{PE}$
14.2,45.4408,$\mathit{I}_\mathrm{PE}$
14.21666667,46.6703,$\mathit{I}_\mathrm{PE}$
14.23333333,45.5276,$\mathit{I}_\mathrm{PE}$
14.25,46.8957,$\mathit{I}_\mathrm{PE}$
14.26666667,47.5037,$\mathit{I}_\mathrm{PE}$
14.28333333,46.0535,$\mathit{I}_\mathrm{PE}$
14.3,46.6788,$\mathit{I}_\mathrm{PE}$
14.31666667,45.7199,$\mathit{I}_\mathrm{PE}$
14.33333333,47.6812,$\mathit{I}_\mathrm{PE}$
14.35,44.7484,$\mathit{I}_\mathrm{PE}$
14.36666667,47.4583,$\mathit{I}_\mathrm{PE}$
14.38333333,46.7874,$\mathit{I}_\mathrm{PE}$
14.4,45.8579,$\mathit{I}_\mathrm{PE}$
14.41666667,45.5943,$\mathit{I}_\mathrm{PE}$
14.43333333,46.3469,$\mathit{I}_\mathrm{PE}$
14.45,45.1748,$\mathit{I}_\mathrm{PE}$
14.46666667,47.4994,$\mathit{I}_\mathrm{PE}$
14.48333333,47.7467,$\mathit{I}_\mathrm{PE}$
14.5,47.9321,$\mathit{I}_\mathrm{PE}$
14.51666667,44.9827,$\mathit{I}_\mathrm{PE}$
14.53333333,44.9648,$\mathit{I}_\mathrm{PE}$
14.55,45.8863,$\mathit{I}_\mathrm{PE}$
14.56666667,45.4868,$\mathit{I}_\mathrm{PE}$
14.58333333,46.1983,$\mathit{I}_\mathrm{PE}$
14.6,46.2328,$\mathit{I}_\mathrm{PE}$
14.61666667,47.3252,$\mathit{I}_\mathrm{PE}$
14.63333333,47.7089,$\mathit{I}_\mathrm{PE}$
14.65,47.1161,$\mathit{I}_\mathrm{PE}$
14.66666667,45.0844,$\mathit{I}_\mathrm{PE}$
14.68333333,45.402,$\mathit{I}_\mathrm{PE}$
14.7,47.1604,$\mathit{I}_\mathrm{PE}$
14.71666667,47.0799,$\mathit{I}_\mathrm{PE}$
14.73333333,46.6567,$\mathit{I}_\mathrm{PE}$
14.75,46.5368,$\mathit{I}_\mathrm{PE}$
14.76666667,47.2669,$\mathit{I}_\mathrm{PE}$
14.78333333,45.2486,$\mathit{I}_\mathrm{PE}$
14.8,48.0866,$\mathit{I}_\mathrm{PE}$
14.81666667,45.398,$\mathit{I}_\mathrm{PE}$
14.83333333,46.6802,$\mathit{I}_\mathrm{PE}$
14.85,46.1441,$\mathit{I}_\mathrm{PE}$
14.86666667,47.1433,$\mathit{I}_\mathrm{PE}$
14.88333333,47.294,$\mathit{I}_\mathrm{PE}$
14.9,47.8581,$\mathit{I}_\mathrm{PE}$
14.91666667,47.7602,$\mathit{I}_\mathrm{PE}$
14.93333333,48.6244,$\mathit{I}_\mathrm{PE}$
14.95,48.7172,$\mathit{I}_\mathrm{PE}$
14.96666667,48.4695,$\mathit{I}_\mathrm{PE}$
14.98333333,46.2651,$\mathit{I}_\mathrm{PE}$
15,47.4686,$\mathit{I}_\mathrm{PE}$
15.01666667,48.6279,$\mathit{I}_\mathrm{PE}$
15.03333333,48.9724,$\mathit{I}_\mathrm{PE}$
15.05,48.9531,$\mathit{I}_\mathrm{PE}$
15.06666667,47.5538,$\mathit{I}_\mathrm{PE}$
15.08333333,48.949,$\mathit{I}_\mathrm{PE}$
15.1,46.453,$\mathit{I}_\mathrm{PE}$
15.11666667,47.3813,$\mathit{I}_\mathrm{PE}$
15.13333333,48.6008,$\mathit{I}_\mathrm{PE}$
15.15,48.7089,$\mathit{I}_\mathrm{PE}$
15.16666667,47.7075,$\mathit{I}_\mathrm{PE}$
15.18333333,48.1146,$\mathit{I}_\mathrm{PE}$
15.2,46.8307,$\mathit{I}_\mathrm{PE}$
15.21666667,48.3283,$\mathit{I}_\mathrm{PE}$
15.23333333,46.7101,$\mathit{I}_\mathrm{PE}$
15.25,49.2307,$\mathit{I}_\mathrm{PE}$
15.26666667,46.6606,$\mathit{I}_\mathrm{PE}$
15.28333333,46.7774,$\mathit{I}_\mathrm{PE}$
15.3,48.5164,$\mathit{I}_\mathrm{PE}$
15.31666667,48.9771,$\mathit{I}_\mathrm{PE}$
15.33333333,47.1089,$\mathit{I}_\mathrm{PE}$
15.35,49.1806,$\mathit{I}_\mathrm{PE}$
15.36666667,49.0259,$\mathit{I}_\mathrm{PE}$
15.38333333,49.2272,$\mathit{I}_\mathrm{PE}$
15.4,47.4936,$\mathit{I}_\mathrm{PE}$
15.41666667,50.3946,$\mathit{I}_\mathrm{PE}$
15.43333333,47.5105,$\mathit{I}_\mathrm{PE}$
15.45,50.237,$\mathit{I}_\mathrm{PE}$
15.46666667,49.3039,$\mathit{I}_\mathrm{PE}$
15.48333333,49.8008,$\mathit{I}_\mathrm{PE}$
15.5,50.8303,$\mathit{I}_\mathrm{PE}$
15.51666667,49.6887,$\mathit{I}_\mathrm{PE}$
15.53333333,50.4959,$\mathit{I}_\mathrm{PE}$
15.55,50.6663,$\mathit{I}_\mathrm{PE}$
15.56666667,50.7794,$\mathit{I}_\mathrm{PE}$
15.58333333,49.9922,$\mathit{I}_\mathrm{PE}$
15.6,50.0437,$\mathit{I}_\mathrm{PE}$
15.61666667,50.9271,$\mathit{I}_\mathrm{PE}$
15.63333333,50.0264,$\mathit{I}_\mathrm{PE}$
15.65,48.5421,$\mathit{I}_\mathrm{PE}$
15.66666667,48.8495,$\mathit{I}_\mathrm{PE}$
15.68333333,49.2334,$\mathit{I}_\mathrm{PE}$
15.7,49.9479,$\mathit{I}_\mathrm{PE}$
15.71666667,48.443,$\mathit{I}_\mathrm{PE}$
15.73333333,49.4006,$\mathit{I}_\mathrm{PE}$
15.75,51.5523,$\mathit{I}_\mathrm{PE}$
15.76666667,49.9733,$\mathit{I}_\mathrm{PE}$
15.78333333,48.3203,$\mathit{I}_\mathrm{PE}$
15.8,48.6969,$\mathit{I}_\mathrm{PE}$
15.81666667,51.3913,$\mathit{I}_\mathrm{PE}$
15.83333333,48.8887,$\mathit{I}_\mathrm{PE}$
15.85,50.5689,$\mathit{I}_\mathrm{PE}$
15.86666667,51.1781,$\mathit{I}_\mathrm{PE}$
15.88333333,51.2663,$\mathit{I}_\mathrm{PE}$
15.9,49.4156,$\mathit{I}_\mathrm{PE}$
15.91666667,50.2645,$\mathit{I}_\mathrm{PE}$
15.93333333,51.5285,$\mathit{I}_\mathrm{PE}$
15.95,50.4984,$\mathit{I}_\mathrm{PE}$
15.96666667,49.1667,$\mathit{I}_\mathrm{PE}$
15.98333333,51.0777,$\mathit{I}_\mathrm{PE}$
16,49.9572,$\mathit{I}_\mathrm{PE}$
16.01666667,48.3022,$\mathit{I}_\mathrm{PE}$
16.03333333,51.2795,$\mathit{I}_\mathrm{PE}$
16.05,50.2193,$\mathit{I}_\mathrm{PE}$
16.06666667,50.5329,$\mathit{I}_\mathrm{PE}$
16.08333333,49.3668,$\mathit{I}_\mathrm{PE}$
16.1,48.6048,$\mathit{I}_\mathrm{PE}$
16.11666667,49.6397,$\mathit{I}_\mathrm{PE}$
16.13333333,51.5169,$\mathit{I}_\mathrm{PE}$
16.15,48.6818,$\mathit{I}_\mathrm{PE}$
16.16666667,51.1558,$\mathit{I}_\mathrm{PE}$
16.18333333,51.1976,$\mathit{I}_\mathrm{PE}$
16.2,50.3899,$\mathit{I}_\mathrm{PE}$
16.21666667,49.6951,$\mathit{I}_\mathrm{PE}$
16.23333333,51.3249,$\mathit{I}_\mathrm{PE}$
16.25,51.4263,$\mathit{I}_\mathrm{PE}$
16.26666667,50.6078,$\mathit{I}_\mathrm{PE}$
16.28333333,51.5779,$\mathit{I}_\mathrm{PE}$
16.3,48.4785,$\mathit{I}_\mathrm{PE}$
16.31666667,50.7647,$\mathit{I}_\mathrm{PE}$
16.33333333,48.8041,$\mathit{I}_\mathrm{PE}$
16.35,49.046,$\mathit{I}_\mathrm{PE}$
16.36666667,51.1259,$\mathit{I}_\mathrm{PE}$
16.38333333,50.8711,$\mathit{I}_\mathrm{PE}$
16.4,49.6775,$\mathit{I}_\mathrm{PE}$
16.41666667,50.5249,$\mathit{I}_\mathrm{PE}$
16.43333333,51.0245,$\mathit{I}_\mathrm{PE}$
16.45,50.0574,$\mathit{I}_\mathrm{PE}$
16.46666667,48.8807,$\mathit{I}_\mathrm{PE}$
16.48333333,50.844,$\mathit{I}_\mathrm{PE}$
16.5,51.0465,$\mathit{I}_\mathrm{PE}$
16.51666667,50.4949,$\mathit{I}_\mathrm{PE}$
16.53333333,49.9051,$\mathit{I}_\mathrm{PE}$
16.55,49.764,$\mathit{I}_\mathrm{PE}$
16.56666667,49.395,$\mathit{I}_\mathrm{PE}$
16.58333333,49.8815,$\mathit{I}_\mathrm{PE}$
16.6,51.0114,$\mathit{I}_\mathrm{PE}$
16.61666667,51.4256,$\mathit{I}_\mathrm{PE}$
16.63333333,50.0586,$\mathit{I}_\mathrm{PE}$
16.65,51.0739,$\mathit{I}_\mathrm{PE}$
16.66666667,50.6842,$\mathit{I}_\mathrm{PE}$
16.68333333,50.5294,$\mathit{I}_\mathrm{PE}$
16.7,47.9978,$\mathit{I}_\mathrm{PE}$
16.71666667,47.6669,$\mathit{I}_\mathrm{PE}$
16.73333333,50.7143,$\mathit{I}_\mathrm{PE}$
16.75,50.2634,$\mathit{I}_\mathrm{PE}$
16.76666667,50.2089,$\mathit{I}_\mathrm{PE}$
16.78333333,48.4872,$\mathit{I}_\mathrm{PE}$
16.8,50.1147,$\mathit{I}_\mathrm{PE}$
16.81666667,48.6689,$\mathit{I}_\mathrm{PE}$
16.83333333,48.7441,$\mathit{I}_\mathrm{PE}$
16.85,47.9512,$\mathit{I}_\mathrm{PE}$
16.86666667,48.9799,$\mathit{I}_\mathrm{PE}$
16.88333333,47.4298,$\mathit{I}_\mathrm{PE}$
16.9,49.0891,$\mathit{I}_\mathrm{PE}$
16.91666667,49.7045,$\mathit{I}_\mathrm{PE}$
16.93333333,50.0202,$\mathit{I}_\mathrm{PE}$
16.95,50.4788,$\mathit{I}_\mathrm{PE}$
16.96666667,48.8824,$\mathit{I}_\mathrm{PE}$
16.98333333,49.2891,$\mathit{I}_\mathrm{PE}$
17,49.8329,$\mathit{I}_\mathrm{PE}$
17.01666667,50.1512,$\mathit{I}_\mathrm{PE}$
17.03333333,48.8778,$\mathit{I}_\mathrm{PE}$
17.05,50.016,$\mathit{I}_\mathrm{PE}$
17.06666667,48.5327,$\mathit{I}_\mathrm{PE}$
17.08333333,47.9094,$\mathit{I}_\mathrm{PE}$
17.1,49.1322,$\mathit{I}_\mathrm{PE}$
17.11666667,49.7861,$\mathit{I}_\mathrm{PE}$
17.13333333,49.5546,$\mathit{I}_\mathrm{PE}$
17.15,48.8305,$\mathit{I}_\mathrm{PE}$
17.16666667,50.0505,$\mathit{I}_\mathrm{PE}$
17.18333333,49.1364,$\mathit{I}_\mathrm{PE}$
17.2,49.9331,$\mathit{I}_\mathrm{PE}$
17.21666667,49.2062,$\mathit{I}_\mathrm{PE}$
17.23333333,48.0679,$\mathit{I}_\mathrm{PE}$
17.25,49.5687,$\mathit{I}_\mathrm{PE}$
17.26666667,50.0692,$\mathit{I}_\mathrm{PE}$
17.28333333,48.1114,$\mathit{I}_\mathrm{PE}$
17.3,48.9135,$\mathit{I}_\mathrm{PE}$
17.31666667,49.56,$\mathit{I}_\mathrm{PE}$
17.33333333,48.2827,$\mathit{I}_\mathrm{PE}$
17.35,49.043,$\mathit{I}_\mathrm{PE}$
17.36666667,47.6978,$\mathit{I}_\mathrm{PE}$
17.38333333,49.1391,$\mathit{I}_\mathrm{PE}$
17.4,49.8825,$\mathit{I}_\mathrm{PE}$
17.41666667,47.8198,$\mathit{I}_\mathrm{PE}$
17.43333333,48.4593,$\mathit{I}_\mathrm{PE}$
17.45,49.0507,$\mathit{I}_\mathrm{PE}$
17.46666667,49.3324,$\mathit{I}_\mathrm{PE}$
17.48333333,46.348,$\mathit{I}_\mathrm{PE}$
17.5,48.3108,$\mathit{I}_\mathrm{PE}$
17.51666667,48.0395,$\mathit{I}_\mathrm{PE}$
17.53333333,48.0944,$\mathit{I}_\mathrm{PE}$
17.55,47.6943,$\mathit{I}_\mathrm{PE}$
17.56666667,46.9454,$\mathit{I}_\mathrm{PE}$
17.58333333,48.7526,$\mathit{I}_\mathrm{PE}$
17.6,46.1633,$\mathit{I}_\mathrm{PE}$
17.61666667,48.0768,$\mathit{I}_\mathrm{PE}$
17.63333333,48.2147,$\mathit{I}_\mathrm{PE}$
17.65,47.0828,$\mathit{I}_\mathrm{PE}$
17.66666667,47.4855,$\mathit{I}_\mathrm{PE}$
17.68333333,47.1826,$\mathit{I}_\mathrm{PE}$
17.7,45.5707,$\mathit{I}_\mathrm{PE}$
17.71666667,45.142,$\mathit{I}_\mathrm{PE}$
17.73333333,46.9309,$\mathit{I}_\mathrm{PE}$
17.75,45.5675,$\mathit{I}_\mathrm{PE}$
17.76666667,46.63,$\mathit{I}_\mathrm{PE}$
17.78333333,44.6431,$\mathit{I}_\mathrm{PE}$
17.8,46.6078,$\mathit{I}_\mathrm{PE}$
17.81666667,44.8452,$\mathit{I}_\mathrm{PE}$
17.83333333,44.5973,$\mathit{I}_\mathrm{PE}$
17.85,46.249,$\mathit{I}_\mathrm{PE}$
17.86666667,45.2685,$\mathit{I}_\mathrm{PE}$
17.88333333,46.1172,$\mathit{I}_\mathrm{PE}$
17.9,45.211,$\mathit{I}_\mathrm{PE}$
17.91666667,45.0658,$\mathit{I}_\mathrm{PE}$
17.93333333,45.0236,$\mathit{I}_\mathrm{PE}$
17.95,42.9801,$\mathit{I}_\mathrm{PE}$
17.96666667,42.7128,$\mathit{I}_\mathrm{PE}$
17.98333333,42.5416,$\mathit{I}_\mathrm{PE}$
18,41.1025,$\mathit{I}_\mathrm{PE}$
18.01666667,41.4214,$\mathit{I}_\mathrm{PE}$
18.03333333,40.212,$\mathit{I}_\mathrm{PE}$
18.05,40.0289,$\mathit{I}_\mathrm{PE}$
18.06666667,39.8041,$\mathit{I}_\mathrm{PE}$
18.08333333,37.911,$\mathit{I}_\mathrm{PE}$
18.1,38.7202,$\mathit{I}_\mathrm{PE}$
18.11666667,37.1006,$\mathit{I}_\mathrm{PE}$
18.13333333,36.9354,$\mathit{I}_\mathrm{PE}$
18.15,36.903,$\mathit{I}_\mathrm{PE}$
18.16666667,36.1497,$\mathit{I}_\mathrm{PE}$
18.18333333,35.3346,$\mathit{I}_\mathrm{PE}$
18.2,33.8518,$\mathit{I}_\mathrm{PE}$
18.21666667,32.8742,$\mathit{I}_\mathrm{PE}$
18.23333333,31.4318,$\mathit{I}_\mathrm{PE}$
18.25,31.021,$\mathit{I}_\mathrm{PE}$
18.26666667,30.5014,$\mathit{I}_\mathrm{PE}$
18.28333333,29.7129,$\mathit{I}_\mathrm{PE}$
18.3,27.8583,$\mathit{I}_\mathrm{PE}$
18.31666667,27.9189,$\mathit{I}_\mathrm{PE}$
18.33333333,27.9527,$\mathit{I}_\mathrm{PE}$
18.35,27.1833,$\mathit{I}_\mathrm{PE}$
18.36666667,27.0574,$\mathit{I}_\mathrm{PE}$
18.38333333,27.0739,$\mathit{I}_\mathrm{PE}$
18.4,27.4635,$\mathit{I}_\mathrm{PE}$
18.41666667,26.3788,$\mathit{I}_\mathrm{PE}$
18.43333333,26.4,$\mathit{I}_\mathrm{PE}$
18.45,26.4237,$\mathit{I}_\mathrm{PE}$
18.46666667,26.4955,$\mathit{I}_\mathrm{PE}$
18.48333333,24.9362,$\mathit{I}_\mathrm{PE}$
18.5,25.2112,$\mathit{I}_\mathrm{PE}$
18.51666667,24.6815,$\mathit{I}_\mathrm{PE}$
18.53333333,24.0031,$\mathit{I}_\mathrm{PE}$
18.55,23.5256,$\mathit{I}_\mathrm{PE}$
18.56666667,22.9824,$\mathit{I}_\mathrm{PE}$
18.58333333,23.4386,$\mathit{I}_\mathrm{PE}$
18.6,22.7876,$\mathit{I}_\mathrm{PE}$
18.61666667,22.6316,$\mathit{I}_\mathrm{PE}$
18.63333333,22.7226,$\mathit{I}_\mathrm{PE}$
18.65,22.1174,$\mathit{I}_\mathrm{PE}$
18.66666667,22.8656,$\mathit{I}_\mathrm{PE}$
18.68333333,22.6794,$\mathit{I}_\mathrm{PE}$
18.7,22.2688,$\mathit{I}_\mathrm{PE}$
18.71666667,20.7868,$\mathit{I}_\mathrm{PE}$
18.73333333,21.0435,$\mathit{I}_\mathrm{PE}$
18.75,21.378,$\mathit{I}_\mathrm{PE}$
18.76666667,21.1772,$\mathit{I}_\mathrm{PE}$
18.78333333,19.8494,$\mathit{I}_\mathrm{PE}$
18.8,20.277,$\mathit{I}_\mathrm{PE}$
18.81666667,19.9953,$\mathit{I}_\mathrm{PE}$
18.83333333,19.3608,$\mathit{I}_\mathrm{PE}$
18.85,19.3863,$\mathit{I}_\mathrm{PE}$
18.86666667,19.7126,$\mathit{I}_\mathrm{PE}$
18.88333333,18.7662,$\mathit{I}_\mathrm{PE}$
18.9,19.1265,$\mathit{I}_\mathrm{PE}$
18.91666667,18.2702,$\mathit{I}_\mathrm{PE}$
18.93333333,18.678,$\mathit{I}_\mathrm{PE}$
18.95,18.4028,$\mathit{I}_\mathrm{PE}$
18.96666667,17.9697,$\mathit{I}_\mathrm{PE}$
18.98333333,17.9552,$\mathit{I}_\mathrm{PE}$
19,17.5738,$\mathit{I}_\mathrm{PE}$
19.01666667,17.0838,$\mathit{I}_\mathrm{PE}$
19.03333333,16.7567,$\mathit{I}_\mathrm{PE}$
19.05,16.7697,$\mathit{I}_\mathrm{PE}$
19.06666667,16.0744,$\mathit{I}_\mathrm{PE}$
19.08333333,16.1812,$\mathit{I}_\mathrm{PE}$
19.1,16.5355,$\mathit{I}_\mathrm{PE}$
19.11666667,16.5521,$\mathit{I}_\mathrm{PE}$
19.13333333,15.3002,$\mathit{I}_\mathrm{PE}$
19.15,16.093,$\mathit{I}_\mathrm{PE}$
19.16666667,15.1691,$\mathit{I}_\mathrm{PE}$
19.18333333,15.7251,$\mathit{I}_\mathrm{PE}$
19.2,14.696,$\mathit{I}_\mathrm{PE}$
19.21666667,14.4423,$\mathit{I}_\mathrm{PE}$
19.23333333,14.4237,$\mathit{I}_\mathrm{PE}$
19.25,14.5285,$\mathit{I}_\mathrm{PE}$
19.26666667,14.4823,$\mathit{I}_\mathrm{PE}$
19.28333333,13.9605,$\mathit{I}_\mathrm{PE}$
19.3,13.7715,$\mathit{I}_\mathrm{PE}$
19.31666667,14.0787,$\mathit{I}_\mathrm{PE}$
19.33333333,13.4548,$\mathit{I}_\mathrm{PE}$
19.35,13.2231,$\mathit{I}_\mathrm{PE}$
19.36666667,13.7608,$\mathit{I}_\mathrm{PE}$
19.38333333,13.5066,$\mathit{I}_\mathrm{PE}$
19.4,13.2248,$\mathit{I}_\mathrm{PE}$
19.41666667,12.9819,$\mathit{I}_\mathrm{PE}$
19.43333333,13.0566,$\mathit{I}_\mathrm{PE}$
19.45,12.8226,$\mathit{I}_\mathrm{PE}$
19.46666667,12.6333,$\mathit{I}_\mathrm{PE}$
19.48333333,12.0583,$\mathit{I}_\mathrm{PE}$
19.5,12.2651,$\mathit{I}_\mathrm{PE}$
19.51666667,12.0659,$\mathit{I}_\mathrm{PE}$
19.53333333,11.3656,$\mathit{I}_\mathrm{PE}$
19.55,11.5847,$\mathit{I}_\mathrm{PE}$
19.56666667,11.4222,$\mathit{I}_\mathrm{PE}$
19.58333333,10.9778,$\mathit{I}_\mathrm{PE}$
19.6,11.1622,$\mathit{I}_\mathrm{PE}$
19.61666667,11.2179,$\mathit{I}_\mathrm{PE}$
19.63333333,11.1982,$\mathit{I}_\mathrm{PE}$
19.65,10.5355,$\mathit{I}_\mathrm{PE}$
19.66666667,10.9726,$\mathit{I}_\mathrm{PE}$
19.68333333,10.4036,$\mathit{I}_\mathrm{PE}$
19.7,10.1894,$\mathit{I}_\mathrm{PE}$
19.71666667,10.1944,$\mathit{I}_\mathrm{PE}$
19.73333333,10.4,$\mathit{I}_\mathrm{PE}$
19.75,10.0569,$\mathit{I}_\mathrm{PE}$
19.76666667,9.73345,$\mathit{I}_\mathrm{PE}$
19.78333333,10.088,$\mathit{I}_\mathrm{PE}$
19.8,10.0643,$\mathit{I}_\mathrm{PE}$
19.81666667,9.45121,$\mathit{I}_\mathrm{PE}$
19.83333333,9.28625,$\mathit{I}_\mathrm{PE}$
19.85,9.24779,$\mathit{I}_\mathrm{PE}$
19.86666667,9.55128,$\mathit{I}_\mathrm{PE}$
19.88333333,9.41302,$\mathit{I}_\mathrm{PE}$
19.9,9.05613,$\mathit{I}_\mathrm{PE}$
19.91666667,8.83986,$\mathit{I}_\mathrm{PE}$
19.93333333,8.9796,$\mathit{I}_\mathrm{PE}$
19.95,8.80743,$\mathit{I}_\mathrm{PE}$
19.96666667,8.97422,$\mathit{I}_\mathrm{PE}$
19.98333333,8.62919,$\mathit{I}_\mathrm{PE}$
20,8.23126,$\mathit{I}_\mathrm{PE}$
20.01666667,8.19833,$\mathit{I}_\mathrm{PE}$
20.03333333,8.21227,$\mathit{I}_\mathrm{PE}$
20.05,8.0554,$\mathit{I}_\mathrm{PE}$
20.06666667,7.91379,$\mathit{I}_\mathrm{PE}$
20.08333333,7.95356,$\mathit{I}_\mathrm{PE}$
20.1,7.92477,$\mathit{I}_\mathrm{PE}$
20.11666667,7.51817,$\mathit{I}_\mathrm{PE}$
20.13333333,7.79727,$\mathit{I}_\mathrm{PE}$
20.15,7.69018,$\mathit{I}_\mathrm{PE}$
20.16666667,7.43153,$\mathit{I}_\mathrm{PE}$
20.18333333,7.49047,$\mathit{I}_\mathrm{PE}$
20.2,7.46302,$\mathit{I}_\mathrm{PE}$
20.21666667,7.2985,$\mathit{I}_\mathrm{PE}$
20.23333333,7.29975,$\mathit{I}_\mathrm{PE}$
20.25,6.95715,$\mathit{I}_\mathrm{PE}$
20.26666667,6.90299,$\mathit{I}_\mathrm{PE}$
20.28333333,6.83272,$\mathit{I}_\mathrm{PE}$
20.3,6.93782,$\mathit{I}_\mathrm{PE}$
20.31666667,6.80959,$\mathit{I}_\mathrm{PE}$
20.33333333,6.66161,$\mathit{I}_\mathrm{PE}$
20.35,6.54926,$\mathit{I}_\mathrm{PE}$
20.36666667,6.51847,$\mathit{I}_\mathrm{PE}$
20.38333333,6.20763,$\mathit{I}_\mathrm{PE}$
20.4,6.35356,$\mathit{I}_\mathrm{PE}$
20.41666667,6.43471,$\mathit{I}_\mathrm{PE}$
20.43333333,6.23136,$\mathit{I}_\mathrm{PE}$
20.45,6.31267,$\mathit{I}_\mathrm{PE}$
20.46666667,6.21489,$\mathit{I}_\mathrm{PE}$
20.48333333,6.04927,$\mathit{I}_\mathrm{PE}$
20.5,5.86554,$\mathit{I}_\mathrm{PE}$
20.51666667,5.81762,$\mathit{I}_\mathrm{PE}$
20.53333333,5.93787,$\mathit{I}_\mathrm{PE}$
20.55,5.77125,$\mathit{I}_\mathrm{PE}$
20.56666667,5.49734,$\mathit{I}_\mathrm{PE}$
20.58333333,5.39634,$\mathit{I}_\mathrm{PE}$
20.6,5.45754,$\mathit{I}_\mathrm{PE}$
20.61666667,5.42535,$\mathit{I}_\mathrm{PE}$
20.63333333,5.48836,$\mathit{I}_\mathrm{PE}$
20.65,5.46164,$\mathit{I}_\mathrm{PE}$
20.66666667,5.33964,$\mathit{I}_\mathrm{PE}$
20.68333333,5.09572,$\mathit{I}_\mathrm{PE}$
20.7,5.22428,$\mathit{I}_\mathrm{PE}$
20.71666667,5.15201,$\mathit{I}_\mathrm{PE}$
20.73333333,4.85721,$\mathit{I}_\mathrm{PE}$
20.75,5.04415,$\mathit{I}_\mathrm{PE}$
20.76666667,4.9894,$\mathit{I}_\mathrm{PE}$
20.78333333,4.92924,$\mathit{I}_\mathrm{PE}$
20.8,4.66384,$\mathit{I}_\mathrm{PE}$
20.81666667,4.67179,$\mathit{I}_\mathrm{PE}$
20.83333333,4.71255,$\mathit{I}_\mathrm{PE}$
20.85,4.56274,$\mathit{I}_\mathrm{PE}$
20.86666667,4.52258,$\mathit{I}_\mathrm{PE}$
20.88333333,4.56977,$\mathit{I}_\mathrm{PE}$
20.9,4.53929,$\mathit{I}_\mathrm{PE}$
20.91666667,4.45411,$\mathit{I}_\mathrm{PE}$
20.93333333,4.18164,$\mathit{I}_\mathrm{PE}$
20.95,4.17094,$\mathit{I}_\mathrm{PE}$
20.96666667,4.34452,$\mathit{I}_\mathrm{PE}$
20.98333333,4.0645,$\mathit{I}_\mathrm{PE}$
21,4.18051,$\mathit{I}_\mathrm{PE}$
21.01666667,3.97379,$\mathit{I}_\mathrm{PE}$
21.03333333,4.02756,$\mathit{I}_\mathrm{PE}$
21.05,3.84152,$\mathit{I}_\mathrm{PE}$
21.06666667,3.8471,$\mathit{I}_\mathrm{PE}$
21.08333333,3.7525,$\mathit{I}_\mathrm{PE}$
21.1,3.80437,$\mathit{I}_\mathrm{PE}$
21.11666667,3.83845,$\mathit{I}_\mathrm{PE}$
21.13333333,3.65168,$\mathit{I}_\mathrm{PE}$
21.15,3.67824,$\mathit{I}_\mathrm{PE}$
21.16666667,3.60924,$\mathit{I}_\mathrm{PE}$
21.18333333,3.33334,$\mathit{I}_\mathrm{PE}$
21.2,3.30404,$\mathit{I}_\mathrm{PE}$
21.21666667,3.07499,$\mathit{I}_\mathrm{PE}$
21.23333333,2.83333,$\mathit{I}_\mathrm{PE}$
21.25,2.746,$\mathit{I}_\mathrm{PE}$
21.26666667,2.6015,$\mathit{I}_\mathrm{PE}$
21.28333333,2.47455,$\mathit{I}_\mathrm{PE}$
21.3,2.25055,$\mathit{I}_\mathrm{PE}$
21.31666667,2.12012,$\mathit{I}_\mathrm{PE}$
21.33333333,1.93274,$\mathit{I}_\mathrm{PE}$
21.35,1.88218,$\mathit{I}_\mathrm{PE}$
21.36666667,1.80335,$\mathit{I}_\mathrm{PE}$
21.38333333,1.76938,$\mathit{I}_\mathrm{PE}$
21.4,1.79184,$\mathit{I}_\mathrm{PE}$
21.41666667,1.73939,$\mathit{I}_\mathrm{PE}$
21.43333333,1.69562,$\mathit{I}_\mathrm{PE}$
21.45,1.73475,$\mathit{I}_\mathrm{PE}$
21.46666667,1.67543,$\mathit{I}_\mathrm{PE}$
21.48333333,1.65028,$\mathit{I}_\mathrm{PE}$
21.5,1.73663,$\mathit{I}_\mathrm{PE}$
21.51666667,1.7313,$\mathit{I}_\mathrm{PE}$
21.53333333,1.63064,$\mathit{I}_\mathrm{PE}$
21.55,1.64913,$\mathit{I}_\mathrm{PE}$
21.56666667,1.64077,$\mathit{I}_\mathrm{PE}$
21.58333333,1.60252,$\mathit{I}_\mathrm{PE}$
21.6,1.59444,$\mathit{I}_\mathrm{PE}$
21.61666667,1.58179,$\mathit{I}_\mathrm{PE}$
21.63333333,1.59081,$\mathit{I}_\mathrm{PE}$
21.65,1.55884,$\mathit{I}_\mathrm{PE}$
21.66666667,1.56893,$\mathit{I}_\mathrm{PE}$
21.68333333,1.58627,$\mathit{I}_\mathrm{PE}$
21.7,1.58635,$\mathit{I}_\mathrm{PE}$
21.71666667,1.55217,$\mathit{I}_\mathrm{PE}$
21.73333333,1.59255,$\mathit{I}_\mathrm{PE}$
21.75,1.51185,$\mathit{I}_\mathrm{PE}$
21.76666667,1.50538,$\mathit{I}_\mathrm{PE}$
21.78333333,1.53355,$\mathit{I}_\mathrm{PE}$
21.8,1.57305,$\mathit{I}_\mathrm{PE}$
21.81666667,1.51092,$\mathit{I}_\mathrm{PE}$
21.83333333,1.47516,$\mathit{I}_\mathrm{PE}$
21.85,1.53851,$\mathit{I}_\mathrm{PE}$
21.86666667,1.49305,$\mathit{I}_\mathrm{PE}$
21.88333333,1.46523,$\mathit{I}_\mathrm{PE}$
21.9,1.45501,$\mathit{I}_\mathrm{PE}$
21.91666667,1.45464,$\mathit{I}_\mathrm{PE}$
21.93333333,1.48464,$\mathit{I}_\mathrm{PE}$
21.95,1.47418,$\mathit{I}_\mathrm{PE}$
21.96666667,1.41007,$\mathit{I}_\mathrm{PE}$
21.98333333,1.49301,$\mathit{I}_\mathrm{PE}$
22,1.42013,$\mathit{I}_\mathrm{PE}$
22.01666667,1.42225,$\mathit{I}_\mathrm{PE}$
22.03333333,1.43998,$\mathit{I}_\mathrm{PE}$
22.05,1.43675,$\mathit{I}_\mathrm{PE}$
22.06666667,1.3826,$\mathit{I}_\mathrm{PE}$
22.08333333,1.40635,$\mathit{I}_\mathrm{PE}$
22.1,1.35736,$\mathit{I}_\mathrm{PE}$
22.11666667,1.38119,$\mathit{I}_\mathrm{PE}$
22.13333333,1.34296,$\mathit{I}_\mathrm{PE}$
22.15,1.35945,$\mathit{I}_\mathrm{PE}$
22.16666667,1.37615,$\mathit{I}_\mathrm{PE}$
22.18333333,1.30861,$\mathit{I}_\mathrm{PE}$
22.2,1.3834,$\mathit{I}_\mathrm{PE}$
22.21666667,1.36777,$\mathit{I}_\mathrm{PE}$
22.23333333,1.32325,$\mathit{I}_\mathrm{PE}$
22.25,1.32035,$\mathit{I}_\mathrm{PE}$
22.26666667,1.29359,$\mathit{I}_\mathrm{PE}$
22.28333333,1.26425,$\mathit{I}_\mathrm{PE}$
22.3,1.30037,$\mathit{I}_\mathrm{PE}$
22.31666667,1.27693,$\mathit{I}_\mathrm{PE}$
22.33333333,1.28886,$\mathit{I}_\mathrm{PE}$
22.35,1.25056,$\mathit{I}_\mathrm{PE}$
22.36666667,1.24013,$\mathit{I}_\mathrm{PE}$
22.38333333,1.21268,$\mathit{I}_\mathrm{PE}$
22.4,1.28627,$\mathit{I}_\mathrm{PE}$
22.41666667,1.21788,$\mathit{I}_\mathrm{PE}$
22.43333333,1.20228,$\mathit{I}_\mathrm{PE}$
22.45,1.20734,$\mathit{I}_\mathrm{PE}$
22.46666667,1.22557,$\mathit{I}_\mathrm{PE}$
22.48333333,1.21826,$\mathit{I}_\mathrm{PE}$
22.5,1.23413,$\mathit{I}_\mathrm{PE}$
22.51666667,1.20012,$\mathit{I}_\mathrm{PE}$
22.53333333,1.21774,$\mathit{I}_\mathrm{PE}$
22.55,1.13834,$\mathit{I}_\mathrm{PE}$
22.56666667,1.15351,$\mathit{I}_\mathrm{PE}$
22.58333333,1.17727,$\mathit{I}_\mathrm{PE}$
22.6,1.18737,$\mathit{I}_\mathrm{PE}$
22.61666667,1.14441,$\mathit{I}_\mathrm{PE}$
22.63333333,1.11535,$\mathit{I}_\mathrm{PE}$
22.65,1.13599,$\mathit{I}_\mathrm{PE}$
22.66666667,1.08091,$\mathit{I}_\mathrm{PE}$
22.68333333,1.12016,$\mathit{I}_\mathrm{PE}$
22.7,1.06771,$\mathit{I}_\mathrm{PE}$
22.71666667,1.1074,$\mathit{I}_\mathrm{PE}$
22.73333333,1.07147,$\mathit{I}_\mathrm{PE}$
22.75,1.08857,$\mathit{I}_\mathrm{PE}$
22.76666667,1.09532,$\mathit{I}_\mathrm{PE}$
22.78333333,1.02741,$\mathit{I}_\mathrm{PE}$
22.8,1.04742,$\mathit{I}_\mathrm{PE}$
22.81666667,1.04684,$\mathit{I}_\mathrm{PE}$
22.83333333,1.03671,$\mathit{I}_\mathrm{PE}$
22.85,1.05999,$\mathit{I}_\mathrm{PE}$
22.86666667,1.02384,$\mathit{I}_\mathrm{PE}$
22.88333333,0.991384,$\mathit{I}_\mathrm{PE}$
22.9,1.03177,$\mathit{I}_\mathrm{PE}$
22.91666667,1.01408,$\mathit{I}_\mathrm{PE}$
22.93333333,1.01797,$\mathit{I}_\mathrm{PE}$
22.95,1.00676,$\mathit{I}_\mathrm{PE}$
22.96666667,0.961084,$\mathit{I}_\mathrm{PE}$
22.98333333,0.939089,$\mathit{I}_\mathrm{PE}$
23,0.971412,$\mathit{I}_\mathrm{PE}$
23.01666667,0.934003,$\mathit{I}_\mathrm{PE}$
23.03333333,0.967868,$\mathit{I}_\mathrm{PE}$
23.05,0.912991,$\mathit{I}_\mathrm{PE}$
23.06666667,0.913449,$\mathit{I}_\mathrm{PE}$
23.08333333,0.907579,$\mathit{I}_\mathrm{PE}$
23.1,0.948817,$\mathit{I}_\mathrm{PE}$
23.11666667,0.902757,$\mathit{I}_\mathrm{PE}$
23.13333333,0.901137,$\mathit{I}_\mathrm{PE}$
23.15,0.869529,$\mathit{I}_\mathrm{PE}$
23.16666667,0.92019,$\mathit{I}_\mathrm{PE}$
23.18333333,0.900083,$\mathit{I}_\mathrm{PE}$
23.2,0.868795,$\mathit{I}_\mathrm{PE}$
23.21666667,0.874459,$\mathit{I}_\mathrm{PE}$
23.23333333,0.848209,$\mathit{I}_\mathrm{PE}$
23.25,0.875823,$\mathit{I}_\mathrm{PE}$
23.26666667,0.854089,$\mathit{I}_\mathrm{PE}$
23.28333333,0.854676,$\mathit{I}_\mathrm{PE}$
23.3,0.86591,$\mathit{I}_\mathrm{PE}$
23.31666667,0.813104,$\mathit{I}_\mathrm{PE}$
23.33333333,0.82724,$\mathit{I}_\mathrm{PE}$
23.35,0.844601,$\mathit{I}_\mathrm{PE}$
23.36666667,0.795025,$\mathit{I}_\mathrm{PE}$
23.38333333,0.798033,$\mathit{I}_\mathrm{PE}$
23.4,0.814238,$\mathit{I}_\mathrm{PE}$
23.41666667,0.798811,$\mathit{I}_\mathrm{PE}$
23.43333333,0.815081,$\mathit{I}_\mathrm{PE}$
23.45,0.759867,$\mathit{I}_\mathrm{PE}$
23.46666667,0.771918,$\mathit{I}_\mathrm{PE}$
23.48333333,0.759369,$\mathit{I}_\mathrm{PE}$
23.5,0.745073,$\mathit{I}_\mathrm{PE}$
23.51666667,0.774095,$\mathit{I}_\mathrm{PE}$
23.53333333,0.734156,$\mathit{I}_\mathrm{PE}$
23.55,0.73741,$\mathit{I}_\mathrm{PE}$
23.56666667,0.717787,$\mathit{I}_\mathrm{PE}$
23.58333333,0.72985,$\mathit{I}_\mathrm{PE}$
23.6,0.723217,$\mathit{I}_\mathrm{PE}$
23.61666667,0.700836,$\mathit{I}_\mathrm{PE}$
23.63333333,0.703077,$\mathit{I}_\mathrm{PE}$
23.65,0.69681,$\mathit{I}_\mathrm{PE}$
23.66666667,0.682804,$\mathit{I}_\mathrm{PE}$
23.68333333,0.692267,$\mathit{I}_\mathrm{PE}$
23.7,0.683405,$\mathit{I}_\mathrm{PE}$
23.71666667,0.685659,$\mathit{I}_\mathrm{PE}$
23.73333333,0.680174,$\mathit{I}_\mathrm{PE}$
23.75,0.652081,$\mathit{I}_\mathrm{PE}$
23.76666667,0.641814,$\mathit{I}_\mathrm{PE}$
23.78333333,0.67329,$\mathit{I}_\mathrm{PE}$
23.8,0.660788,$\mathit{I}_\mathrm{PE}$
23.81666667,0.63159,$\mathit{I}_\mathrm{PE}$
23.83333333,0.621452,$\mathit{I}_\mathrm{PE}$
23.85,0.619927,$\mathit{I}_\mathrm{PE}$
23.86666667,0.621753,$\mathit{I}_\mathrm{PE}$
23.88333333,0.603288,$\mathit{I}_\mathrm{PE}$
23.9,0.605164,$\mathit{I}_\mathrm{PE}$
23.91666667,0.613447,$\mathit{I}_\mathrm{PE}$
23.93333333,0.604301,$\mathit{I}_\mathrm{PE}$
23.95,0.569241,$\mathit{I}_\mathrm{PE}$
23.96666667,0.562262,$\mathit{I}_\mathrm{PE}$
23.98333333,0.564682,$\mathit{I}_\mathrm{PE}$
24,0.567953,$\mathit{I}_\mathrm{PE}$
24.01666667,0.569117,$\mathit{I}_\mathrm{PE}$
24.03333333,0.560247,$\mathit{I}_\mathrm{PE}$
24.05,0.531579,$\mathit{I}_\mathrm{PE}$
24.06666667,0.520227,$\mathit{I}_\mathrm{PE}$
24.08333333,0.542377,$\mathit{I}_\mathrm{PE}$
24.1,0.512221,$\mathit{I}_\mathrm{PE}$
24.11666667,0.496123,$\mathit{I}_\mathrm{PE}$
24.13333333,0.506595,$\mathit{I}_\mathrm{PE}$
24.15,0.489801,$\mathit{I}_\mathrm{PE}$
24.16666667,0.487977,$\mathit{I}_\mathrm{PE}$
24.18333333,0.485938,$\mathit{I}_\mathrm{PE}$
24.2,0.471928,$\mathit{I}_\mathrm{PE}$
24.21666667,0.459934,$\mathit{I}_\mathrm{PE}$
24.23333333,0.467463,$\mathit{I}_\mathrm{PE}$
24.25,0.446961,$\mathit{I}_\mathrm{PE}$
24.26666667,0.433387,$\mathit{I}_\mathrm{PE}$
24.28333333,0.424537,$\mathit{I}_\mathrm{PE}$
24.3,0.428198,$\mathit{I}_\mathrm{PE}$
24.31666667,0.427202,$\mathit{I}_\mathrm{PE}$
24.33333333,0.409584,$\mathit{I}_\mathrm{PE}$
24.35,0.416406,$\mathit{I}_\mathrm{PE}$
24.36666667,0.40886,$\mathit{I}_\mathrm{PE}$
24.38333333,0.399773,$\mathit{I}_\mathrm{PE}$
24.4,0.373549,$\mathit{I}_\mathrm{PE}$
24.41666667,0.377878,$\mathit{I}_\mathrm{PE}$
24.43333333,0.361226,$\mathit{I}_\mathrm{PE}$
24.45,0.366658,$\mathit{I}_\mathrm{PE}$
24.46666667,0.359382,$\mathit{I}_\mathrm{PE}$
24.48333333,0.331989,$\mathit{I}_\mathrm{PE}$
24.5,0.328964,$\mathit{I}_\mathrm{PE}$
24.51666667,0.326595,$\mathit{I}_\mathrm{PE}$
24.53333333,0.32663,$\mathit{I}_\mathrm{PE}$
24.55,0.314476,$\mathit{I}_\mathrm{PE}$
24.56666667,0.308135,$\mathit{I}_\mathrm{PE}$
24.58333333,0.295103,$\mathit{I}_\mathrm{PE}$
24.6,0.278177,$\mathit{I}_\mathrm{PE}$
24.61666667,0.276299,$\mathit{I}_\mathrm{PE}$
24.63333333,0.272472,$\mathit{I}_\mathrm{PE}$
24.65,0.270994,$\mathit{I}_\mathrm{PE}$
24.66666667,0.262538,$\mathit{I}_\mathrm{PE}$
24.68333333,0.255945,$\mathit{I}_\mathrm{PE}$
24.7,0.23349,$\mathit{I}_\mathrm{PE}$
24.71666667,0.236407,$\mathit{I}_\mathrm{PE}$
24.73333333,0.231098,$\mathit{I}_\mathrm{PE}$
24.75,0.223093,$\mathit{I}_\mathrm{PE}$
24.76666667,0.209905,$\mathit{I}_\mathrm{PE}$
24.78333333,0.207993,$\mathit{I}_\mathrm{PE}$
24.8,0.200223,$\mathit{I}_\mathrm{PE}$
24.81666667,0.183235,$\mathit{I}_\mathrm{PE}$
24.83333333,0.18233,$\mathit{I}_\mathrm{PE}$
24.85,0.169889,$\mathit{I}_\mathrm{PE}$
24.86666667,0.168855,$\mathit{I}_\mathrm{PE}$
24.88333333,0.154191,$\mathit{I}_\mathrm{PE}$
24.9,0.145987,$\mathit{I}_\mathrm{PE}$
24.91666667,0.142143,$\mathit{I}_\mathrm{PE}$
24.93333333,0.130501,$\mathit{I}_\mathrm{PE}$
24.95,0.121944,$\mathit{I}_\mathrm{PE}$
24.96666667,0.119811,$\mathit{I}_\mathrm{PE}$
24.98333333,0.10789,$\mathit{I}_\mathrm{PE}$
25,0.109142,$\mathit{I}_\mathrm{PE}$
25.01666667,0.105121,$\mathit{I}_\mathrm{PE}$
